{"type":"FeatureCollection","crs":{"type":"name","properties":{"name":"EPSG:4326"}},"features":[{"type":"Feature","geometry":{"type":"Polygon","coordinates":[[[-49.16518,-26.94226],[-49.16495,-26.94329],[-49.16423,-26.94411],[-49.1629,-26.94449],[-49.16206,-26.94489],[-49.16191,-26.94514],[-49.16199,-26.94607],[-49.16182,-26.94623],[-49.16176,-26.94685],[-49.16164,-26.94698],[-49.16143,-26.94674],[-49.16111,-26.94687],[-49.16059,-26.94747],[-49.16045,-26.94681],[-49.15975,-26.94643],[-49.16048,-26.94612],[-49.16055,-26.94544],[-49.1599,-26.94535],[-49.15886,-26.94571],[-49.15852,-26.94602],[-49.15822,-26.94562],[-49.1578,-26.94546],[-49.15731,-26.94433],[-49.15653,-26.9444],[-49.1558,-26.94432],[-49.15502,-26.94387],[-49.15432,-26.94412],[-49.15412,-26.94455],[-49.15209,-26.94455],[-49.15198,-26.9438],[-49.15112,-26.94334],[-49.15062,-26.94323],[-49.14963,-26.94327],[-49.14873,-26.94377],[-49.14844,-26.94325],[-49.14765,-26.94304],[-49.14716,-26.94271],[-49.14648,-26.94305],[-49.14596,-26.94415],[-49.14564,-26.94413],[-49.14558,-26.9429],[-49.14532,-26.94236],[-49.14353,-26.9421],[-49.14312,-26.94229],[-49.14287,-26.94267],[-49.14269,-26.94254],[-49.14235,-26.94256],[-49.14285,-26.94207],[-49.14316,-26.94135],[-49.14257,-26.94042],[-49.14244,-26.93939],[-49.14162,-26.93938],[-49.14132,-26.93991],[-49.14084,-26.94013],[-49.14037,-26.94002],[-49.1398,-26.93938],[-49.13958,-26.93934],[-49.13898,-26.93973],[-49.1383,-26.94057],[-49.138,-26.93916],[-49.13744,-26.93806],[-49.13656,-26.93773],[-49.13531,-26.93763],[-49.13456,-26.93685],[-49.13401,-26.9365],[-49.13357,-26.93655],[-49.13283,-26.93697],[-49.13252,-26.93682],[-49.13218,-26.93641],[-49.13109,-26.93606],[-49.13062,-26.93615],[-49.13027,-26.93651],[-49.12942,-26.93545],[-49.12861,-26.93534],[-49.12822,-26.93487],[-49.12779,-26.9346],[-49.12679,-26.9348],[-49.12655,-26.93469],[-49.12608,-26.93485],[-49.12588,-26.93473],[-49.12562,-26.93421],[-49.12538,-26.93415],[-49.12421,-26.93448],[-49.12411,-26.93396],[-49.12347,-26.93312],[-49.12233,-26.93274],[-49.12202,-26.9328],[-49.12117,-26.93373],[-49.12059,-26.93416],[-49.11981,-26.93308],[-49.11921,-26.93319],[-49.11855,-26.93314],[-49.11864,-26.93232],[-49.1189,-26.93183],[-49.11801,-26.9314],[-49.11735,-26.93142],[-49.11704,-26.93113],[-49.11674,-26.93047],[-49.11645,-26.93047],[-49.11592,-26.93107],[-49.11515,-26.93157],[-49.11495,-26.93118],[-49.11458,-26.93096],[-49.11458,-26.93031],[-49.11391,-26.9297],[-49.11369,-26.92887],[-49.1144,-26.92756],[-49.11452,-26.92755],[-49.11534,-26.92623],[-49.1152,-26.92598],[-49.11615,-26.92517],[-49.11664,-26.92424],[-49.11675,-26.92343],[-49.11772,-26.92169],[-49.1179,-26.92089],[-49.11777,-26.91991],[-49.11822,-26.91908],[-49.1186,-26.91733],[-49.11977,-26.91706],[-49.12002,-26.91683],[-49.12042,-26.91608],[-49.12143,-26.91565],[-49.1224,-26.91556],[-49.12333,-26.91592],[-49.12381,-26.91586],[-49.12484,-26.91476],[-49.12512,-26.91408],[-49.12541,-26.91375],[-49.12579,-26.91376],[-49.12618,-26.91406],[-49.12687,-26.91418],[-49.12803,-26.91469],[-49.12872,-26.91456],[-49.12914,-26.91429],[-49.1298,-26.91528],[-49.13018,-26.91612],[-49.13044,-26.91752],[-49.1304,-26.9191],[-49.13067,-26.91975],[-49.13245,-26.92075],[-49.13403,-26.922],[-49.13518,-26.92268],[-49.13586,-26.92262],[-49.13726,-26.92168],[-49.1374,-26.92294],[-49.13874,-26.92422],[-49.13964,-26.92475],[-49.13801,-26.92521],[-49.13718,-26.92599],[-49.13738,-26.92609],[-49.13756,-26.92638],[-49.13791,-26.92653],[-49.13802,-26.92721],[-49.13871,-26.92741],[-49.13984,-26.9284],[-49.14015,-26.92854],[-49.14261,-26.92885],[-49.1436,-26.9295],[-49.14388,-26.92941],[-49.14382,-26.92893],[-49.14451,-26.9281],[-49.14514,-26.9278],[-49.14606,-26.92764],[-49.14675,-26.9271],[-49.14731,-26.92698],[-49.14791,-26.92661],[-49.14863,-26.92652],[-49.14932,-26.92671],[-49.14942,-26.92689],[-49.14974,-26.92704],[-49.15065,-26.92711],[-49.15148,-26.92752],[-49.15172,-26.92768],[-49.15177,-26.92786],[-49.15167,-26.92823],[-49.15124,-26.9287],[-49.15013,-26.9287],[-49.14953,-26.92894],[-49.14906,-26.92892],[-49.14853,-26.92933],[-49.14845,-26.92992],[-49.14855,-26.93019],[-49.14945,-26.93075],[-49.14963,-26.93116],[-49.14922,-26.93168],[-49.14935,-26.93188],[-49.14991,-26.93199],[-49.15042,-26.93163],[-49.15146,-26.9315],[-49.1524,-26.93163],[-49.15274,-26.9318],[-49.15336,-26.93276],[-49.1534,-26.93366],[-49.15403,-26.93424],[-49.15515,-26.93564],[-49.15515,-26.93624],[-49.15565,-26.9365],[-49.15569,-26.93675],[-49.15667,-26.93743],[-49.15646,-26.93779],[-49.1565,-26.93804],[-49.15712,-26.9384],[-49.1577,-26.9386],[-49.15793,-26.93848],[-49.15897,-26.93845],[-49.16086,-26.93889],[-49.16345,-26.93884],[-49.16449,-26.93846],[-49.16474,-26.93895],[-49.16498,-26.93993],[-49.16518,-26.94226]]]},"properties":{"BAIRROS":"VELHA CENTRAL","CD_BAIRRO":"12"}},{"type":"Feature","geometry":{"type":"Polygon","coordinates":[[[-49.12779,-26.9346],[-49.12822,-26.93487],[-49.12861,-26.93534],[-49.12942,-26.93545],[-49.13027,-26.93651],[-49.12959,-26.93686],[-49.12953,-26.937],[-49.1304,-26.93781],[-49.13195,-26.93995],[-49.13164,-26.93996],[-49.13126,-26.93953],[-49.13082,-26.93926],[-49.13049,-26.93936],[-49.13037,-26.93889],[-49.12912,-26.93834],[-49.12953,-26.93914],[-49.12957,-26.94084],[-49.13128,-26.94195],[-49.13269,-26.94264],[-49.13406,-26.94304],[-49.13658,-26.94331],[-49.13718,-26.94372],[-49.13677,-26.94387],[-49.13665,-26.94406],[-49.13564,-26.94421],[-49.13432,-26.94508],[-49.13334,-26.94605],[-49.13321,-26.94635],[-49.13246,-26.94697],[-49.13277,-26.9476],[-49.13337,-26.94805],[-49.13451,-26.94808],[-49.13557,-26.94782],[-49.13506,-26.94826],[-49.1346,-26.94891],[-49.1348,-26.94943],[-49.13535,-26.94955],[-49.13517,-26.95099],[-49.13652,-26.95085],[-49.13725,-26.94999],[-49.13747,-26.9504],[-49.13787,-26.95052],[-49.1389,-26.95043],[-49.13943,-26.95],[-49.13921,-26.95057],[-49.13977,-26.95076],[-49.14004,-26.95116],[-49.14081,-26.95069],[-49.14087,-26.95115],[-49.14142,-26.95191],[-49.14201,-26.95128],[-49.14226,-26.95117],[-49.14315,-26.95107],[-49.14316,-26.95133],[-49.14387,-26.95173],[-49.14419,-26.95136],[-49.14462,-26.95128],[-49.14437,-26.9514],[-49.14434,-26.95212],[-49.14411,-26.95241],[-49.14386,-26.95233],[-49.14387,-26.95252],[-49.14504,-26.9532],[-49.14521,-26.95358],[-49.14508,-26.95401],[-49.14534,-26.95391],[-49.1453,-26.95415],[-49.14568,-26.95414],[-49.14559,-26.95425],[-49.14571,-26.95435],[-49.14616,-26.95431],[-49.14617,-26.9547],[-49.14638,-26.95476],[-49.14612,-26.95476],[-49.14607,-26.95443],[-49.14565,-26.9545],[-49.14533,-26.9543],[-49.14533,-26.95483],[-49.14447,-26.9551],[-49.14433,-26.95529],[-49.14508,-26.95573],[-49.14456,-26.95571],[-49.14438,-26.95585],[-49.1444,-26.95612],[-49.14398,-26.95591],[-49.14389,-26.9561],[-49.14335,-26.9558],[-49.14261,-26.95587],[-49.14251,-26.95601],[-49.14296,-26.95659],[-49.14296,-26.95679],[-49.1427,-26.95691],[-49.14267,-26.9568],[-49.14206,-26.95673],[-49.14202,-26.95692],[-49.14191,-26.95679],[-49.14201,-26.95667],[-49.14275,-26.95665],[-49.14234,-26.95622],[-49.14244,-26.95583],[-49.14323,-26.95558],[-49.14395,-26.95562],[-49.14387,-26.95515],[-49.14395,-26.95491],[-49.14471,-26.95469],[-49.14479,-26.95457],[-49.1441,-26.95354],[-49.14321,-26.95282],[-49.14287,-26.95276],[-49.14253,-26.95237],[-49.14233,-26.95241],[-49.14243,-26.95294],[-49.14154,-26.953],[-49.14126,-26.95291],[-49.14124,-26.95299],[-49.14085,-26.95288],[-49.14055,-26.95257],[-49.13988,-26.95287],[-49.13967,-26.9531],[-49.13923,-26.95293],[-49.13893,-26.95334],[-49.13868,-26.9529],[-49.13859,-26.95232],[-49.1379,-26.95195],[-49.13685,-26.95218],[-49.13677,-26.95232],[-49.13692,-26.95285],[-49.13645,-26.95272],[-49.13621,-26.95289],[-49.13603,-26.95329],[-49.13597,-26.95259],[-49.13571,-26.95238],[-49.13449,-26.95284],[-49.13434,-26.9531],[-49.134,-26.95313],[-49.13379,-26.95348],[-49.13275,-26.95264],[-49.13229,-26.95268],[-49.13199,-26.9531],[-49.13166,-26.95314],[-49.13139,-26.95333],[-49.13136,-26.95424],[-49.13092,-26.95464],[-49.13076,-26.95521],[-49.13076,-26.95627],[-49.13101,-26.95662],[-49.13172,-26.95648],[-49.13181,-26.95691],[-49.13221,-26.95701],[-49.13211,-26.9573],[-49.13237,-26.95763],[-49.13311,-26.95797],[-49.13316,-26.95811],[-49.13238,-26.95846],[-49.13237,-26.95864],[-49.13254,-26.95879],[-49.1323,-26.95946],[-49.13294,-26.96007],[-49.1324,-26.96015],[-49.13211,-26.96078],[-49.13228,-26.96106],[-49.13217,-26.9615],[-49.1319,-26.96194],[-49.13218,-26.96222],[-49.13319,-26.96272],[-49.13171,-26.96273],[-49.13145,-26.96286],[-49.13134,-26.96317],[-49.13098,-26.96344],[-49.13086,-26.96337],[-49.13047,-26.96356],[-49.13016,-26.96478],[-49.12948,-26.96534],[-49.12935,-26.96563],[-49.12942,-26.96588],[-49.12911,-26.96613],[-49.12895,-26.96604],[-49.12883,-26.96569],[-49.12984,-26.96449],[-49.12985,-26.96374],[-49.12975,-26.96308],[-49.12945,-26.96288],[-49.12898,-26.9629],[-49.12904,-26.96258],[-49.12882,-26.96241],[-49.12967,-26.9624],[-49.13002,-26.96191],[-49.13067,-26.9619],[-49.13144,-26.96124],[-49.13137,-26.96074],[-49.13152,-26.96024],[-49.13082,-26.95965],[-49.13072,-26.95942],[-49.12982,-26.95941],[-49.12937,-26.95955],[-49.12929,-26.95937],[-49.12961,-26.95908],[-49.12993,-26.95905],[-49.13002,-26.95887],[-49.1304,-26.95875],[-49.13046,-26.95748],[-49.13026,-26.95672],[-49.12983,-26.95614],[-49.12986,-26.95544],[-49.13014,-26.95438],[-49.12935,-26.95443],[-49.12929,-26.9543],[-49.12959,-26.95403],[-49.13015,-26.95391],[-49.1305,-26.95342],[-49.13078,-26.95294],[-49.13106,-26.95161],[-49.13085,-26.95151],[-49.13055,-26.9518],[-49.13036,-26.95184],[-49.1303,-26.95078],[-49.13014,-26.95072],[-49.12894,-26.95107],[-49.12988,-26.95022],[-49.12996,-26.9494],[-49.12978,-26.94902],[-49.12901,-26.94891],[-49.12881,-26.94816],[-49.12854,-26.94796],[-49.12855,-26.94782],[-49.12816,-26.94789],[-49.12676,-26.94855],[-49.12657,-26.94849],[-49.12671,-26.94773],[-49.12726,-26.94644],[-49.12757,-26.94505],[-49.12741,-26.94484],[-49.12705,-26.94481],[-49.12622,-26.94534],[-49.12635,-26.94471],[-49.12679,-26.94388],[-49.12662,-26.94343],[-49.12625,-26.94316],[-49.12579,-26.94311],[-49.12534,-26.94336],[-49.12514,-26.94381],[-49.1248,-26.94414],[-49.12421,-26.94433],[-49.12344,-26.94414],[-49.12291,-26.94455],[-49.12319,-26.94381],[-49.12381,-26.9437],[-49.12395,-26.94356],[-49.124,-26.94325],[-49.12428,-26.94283],[-49.12428,-26.94257],[-49.12398,-26.94232],[-49.12292,-26.94226],[-49.12242,-26.94241],[-49.12232,-26.94208],[-49.12195,-26.94167],[-49.1216,-26.94148],[-49.12088,-26.94181],[-49.12005,-26.94299],[-49.11972,-26.9432],[-49.12011,-26.94252],[-49.12023,-26.94174],[-49.12077,-26.94119],[-49.12019,-26.94107],[-49.11957,-26.94037],[-49.12066,-26.94062],[-49.12117,-26.94045],[-49.1219,-26.94045],[-49.12211,-26.94065],[-49.12295,-26.9408],[-49.12455,-26.94002],[-49.12483,-26.93943],[-49.12473,-26.93852],[-49.12516,-26.93843],[-49.1254,-26.93807],[-49.12495,-26.93735],[-49.12544,-26.93741],[-49.12613,-26.93728],[-49.1266,-26.93659],[-49.12735,-26.93623],[-49.12739,-26.93597],[-49.12679,-26.9348],[-49.12779,-26.9346]]]},"properties":{"BAIRROS":"VELHA GRANDE","CD_BAIRRO":"13"}},{"type":"Feature","geometry":{"type":"Polygon","coordinates":[[[-49.0697,-26.93231],[-49.06925,-26.93228],[-49.06837,-26.93157],[-49.06817,-26.93159],[-49.06796,-26.93181],[-49.06856,-26.93212],[-49.06874,-26.93283],[-49.06783,-26.93403],[-49.06595,-26.93432],[-49.06543,-26.93416],[-49.06515,-26.93439],[-49.06392,-26.9323],[-49.06335,-26.93203],[-49.06222,-26.93198],[-49.06262,-26.9313],[-49.06169,-26.93042],[-49.06011,-26.92859],[-49.0599,-26.92764],[-49.05937,-26.92625],[-49.05935,-26.92527],[-49.06285,-26.92452],[-49.06446,-26.92382],[-49.06627,-26.92721],[-49.06645,-26.92787],[-49.06679,-26.92836],[-49.06783,-26.92907],[-49.06804,-26.92956],[-49.06878,-26.93044],[-49.0697,-26.93231]]]},"properties":{"BAIRROS":"JARDIM BLUMENAU","CD_BAIRRO":"9"}},{"type":"Feature","geometry":{"type":"Polygon","coordinates":[[[-49.05618,-26.95918],[-49.05612,-26.95899],[-49.05674,-26.95921],[-49.05707,-26.95918],[-49.05817,-26.95973],[-49.05846,-26.96058],[-49.05893,-26.96067],[-49.05967,-26.96124],[-49.06026,-26.96143],[-49.06082,-26.96207],[-49.06116,-26.96227],[-49.06323,-26.962],[-49.06375,-26.96172],[-49.06468,-26.96161],[-49.06478,-26.96147],[-49.06566,-26.96205],[-49.06619,-26.96201],[-49.06606,-26.96311],[-49.06575,-26.96343],[-49.06564,-26.96376],[-49.06583,-26.96413],[-49.0664,-26.96424],[-49.06643,-26.96505],[-49.0667,-26.96536],[-49.06644,-26.96548],[-49.06559,-26.96641],[-49.0655,-26.96672],[-49.06565,-26.96701],[-49.06621,-26.96691],[-49.06648,-26.96701],[-49.06641,-26.96753],[-49.06652,-26.96788],[-49.06558,-26.96818],[-49.06538,-26.96878],[-49.06603,-26.96931],[-49.06628,-26.9692],[-49.06651,-26.9693],[-49.06644,-26.96955],[-49.06667,-26.96998],[-49.06661,-26.97042],[-49.06704,-26.97102],[-49.06653,-26.97159],[-49.06568,-26.97168],[-49.06599,-26.97341],[-49.06573,-26.9735],[-49.06491,-26.97219],[-49.06424,-26.97203],[-49.06399,-26.97156],[-49.06372,-26.9715],[-49.06334,-26.97164],[-49.06302,-26.9714],[-49.06273,-26.97139],[-49.06219,-26.972],[-49.06129,-26.97238],[-49.06103,-26.97272],[-49.06105,-26.97293],[-49.06052,-26.97291],[-49.06023,-26.97362],[-49.06003,-26.97381],[-49.05998,-26.97458],[-49.06039,-26.97454],[-49.06051,-26.97512],[-49.06133,-26.97666],[-49.06134,-26.97679],[-49.06108,-26.97695],[-49.06126,-26.97733],[-49.06106,-26.97771],[-49.06064,-26.9781],[-49.06016,-26.97736],[-49.05993,-26.97723],[-49.05965,-26.97655],[-49.05945,-26.97657],[-49.05892,-26.97701],[-49.05882,-26.97734],[-49.05844,-26.97744],[-49.05856,-26.97558],[-49.05876,-26.97539],[-49.0588,-26.97516],[-49.05843,-26.97451],[-49.05888,-26.97429],[-49.05921,-26.9736],[-49.05868,-26.9733],[-49.05862,-26.97197],[-49.05891,-26.97187],[-49.06023,-26.97193],[-49.0611,-26.97141],[-49.06111,-26.97047],[-49.06153,-26.96997],[-49.06171,-26.96941],[-49.06104,-26.96929],[-49.06121,-26.96872],[-49.06108,-26.96868],[-49.06087,-26.9688],[-49.06076,-26.96916],[-49.06041,-26.96908],[-49.06011,-26.96963],[-49.05964,-26.96978],[-49.05928,-26.97052],[-49.05908,-26.97068],[-49.0589,-26.9707],[-49.0584,-26.9704],[-49.05798,-26.9709],[-49.057,-26.97106],[-49.05647,-26.97141],[-49.05637,-26.97166],[-49.05664,-26.9721],[-49.05701,-26.97193],[-49.05721,-26.97249],[-49.05693,-26.97277],[-49.05604,-26.97283],[-49.05593,-26.97295],[-49.05585,-26.97344],[-49.05611,-26.97387],[-49.05616,-26.97422],[-49.05586,-26.97447],[-49.05591,-26.97487],[-49.05562,-26.97519],[-49.05535,-26.97581],[-49.0549,-26.97502],[-49.05502,-26.97418],[-49.05437,-26.97371],[-49.05458,-26.97363],[-49.05484,-26.97316],[-49.05449,-26.97272],[-49.05437,-26.9723],[-49.05433,-26.97068],[-49.05476,-26.97104],[-49.05549,-26.97106],[-49.05641,-26.9705],[-49.05649,-26.96943],[-49.05609,-26.96901],[-49.05665,-26.9674],[-49.05624,-26.9671],[-49.05588,-26.96651],[-49.05565,-26.96662],[-49.05541,-26.96726],[-49.05523,-26.96738],[-49.05502,-26.96677],[-49.05484,-26.9666],[-49.05403,-26.96634],[-49.0539,-26.96673],[-49.05373,-26.96685],[-49.05362,-26.96682],[-49.05355,-26.96649],[-49.05302,-26.96674],[-49.05289,-26.96694],[-49.05261,-26.96817],[-49.05269,-26.96845],[-49.05246,-26.96874],[-49.05269,-26.96949],[-49.05206,-26.96996],[-49.05211,-26.97116],[-49.05193,-26.97174],[-49.05222,-26.97222],[-49.05229,-26.97282],[-49.05191,-26.97299],[-49.05132,-26.97263],[-49.05082,-26.97346],[-49.05081,-26.97397],[-49.05115,-26.97393],[-49.0525,-26.97511],[-49.05251,-26.97531],[-49.05211,-26.97604],[-49.05252,-26.97643],[-49.05233,-26.97698],[-49.05258,-26.97856],[-49.05205,-26.97806],[-49.05187,-26.97764],[-49.0516,-26.97751],[-49.05143,-26.97691],[-49.05128,-26.9768],[-49.05103,-26.9769],[-49.05059,-26.97751],[-49.05041,-26.978],[-49.04986,-26.97852],[-49.04948,-26.97743],[-49.04967,-26.97687],[-49.0502,-26.97628],[-49.05024,-26.97587],[-49.0501,-26.9757],[-49.04989,-26.97601],[-49.04939,-26.97594],[-49.04916,-26.9761],[-49.04901,-26.97679],[-49.04838,-26.97692],[-49.04832,-26.97736],[-49.04812,-26.97766],[-49.04746,-26.97784],[-49.04742,-26.97806],[-49.0476,-26.97823],[-49.04749,-26.97869],[-49.0483,-26.97944],[-49.04802,-26.97954],[-49.0473,-26.97901],[-49.04701,-26.97837],[-49.04576,-26.97872],[-49.04541,-26.97914],[-49.04519,-26.97905],[-49.04498,-26.97916],[-49.0451,-26.97951],[-49.04501,-26.97973],[-49.04516,-26.9801],[-49.04495,-26.97991],[-49.04487,-26.97946],[-49.04461,-26.9793],[-49.04388,-26.97979],[-49.04354,-26.97988],[-49.04346,-26.97936],[-49.04364,-26.97934],[-49.04374,-26.97902],[-49.0431,-26.97801],[-49.04259,-26.97791],[-49.0425,-26.97747],[-49.04265,-26.97773],[-49.04305,-26.97765],[-49.04326,-26.97801],[-49.0442,-26.97876],[-49.04452,-26.97882],[-49.04496,-26.97848],[-49.04509,-26.97785],[-49.04556,-26.97789],[-49.04605,-26.97754],[-49.04623,-26.97703],[-49.04611,-26.97676],[-49.04689,-26.97656],[-49.04761,-26.97546],[-49.04729,-26.97512],[-49.04664,-26.97501],[-49.04611,-26.9746],[-49.04527,-26.97469],[-49.04492,-26.97463],[-49.04494,-26.97454],[-49.04574,-26.97422],[-49.04567,-26.97394],[-49.04591,-26.97371],[-49.04686,-26.97406],[-49.04836,-26.97421],[-49.04871,-26.97373],[-49.04919,-26.97355],[-49.04939,-26.97298],[-49.04979,-26.97305],[-49.0498,-26.97248],[-49.04911,-26.97224],[-49.04951,-26.97178],[-49.0492,-26.9713],[-49.04918,-26.97096],[-49.04953,-26.97071],[-49.05039,-26.97065],[-49.05019,-26.97003],[-49.05076,-26.96956],[-49.05082,-26.9693],[-49.05056,-26.96876],[-49.05059,-26.96778],[-49.04942,-26.96756],[-49.04978,-26.96748],[-49.05132,-26.96657],[-49.05148,-26.96608],[-49.05135,-26.96503],[-49.05158,-26.96482],[-49.05206,-26.96383],[-49.05201,-26.96362],[-49.05153,-26.96317],[-49.0509,-26.9631],[-49.05015,-26.96331],[-49.0503,-26.96284],[-49.05086,-26.96232],[-49.05126,-26.9616],[-49.05152,-26.96146],[-49.05162,-26.96124],[-49.05236,-26.9622],[-49.05313,-26.96273],[-49.0533,-26.9625],[-49.05313,-26.96213],[-49.05306,-26.96143],[-49.05391,-26.96218],[-49.0548,-26.9627],[-49.05643,-26.96304],[-49.05697,-26.96155],[-49.05643,-26.96117],[-49.05566,-26.9609],[-49.05683,-26.96051],[-49.05696,-26.96032],[-49.05618,-26.95918]]]},"properties":{"BAIRROS":"DA GLORIA","CD_BAIRRO":"5"}},{"type":"Feature","geometry":{"type":"Polygon","coordinates":[[[-49.07721,-26.94493],[-49.0771,-26.94599],[-49.0769,-26.94658],[-49.0755,-26.94816],[-49.07507,-26.94911],[-49.07459,-26.94949],[-49.07313,-26.95016],[-49.0721,-26.95118],[-49.07193,-26.95222],[-49.07183,-26.95446],[-49.07156,-26.95521],[-49.07094,-26.95614],[-49.07019,-26.95648],[-49.06919,-26.95642],[-49.06854,-26.95601],[-49.06826,-26.95626],[-49.06762,-26.95841],[-49.06782,-26.95862],[-49.06945,-26.95947],[-49.07032,-26.96021],[-49.06999,-26.96059],[-49.06954,-26.96027],[-49.06906,-26.9608],[-49.06856,-26.96066],[-49.06814,-26.96072],[-49.06747,-26.96101],[-49.06574,-26.96207],[-49.06478,-26.96147],[-49.06459,-26.9609],[-49.06457,-26.96033],[-49.06359,-26.96025],[-49.06248,-26.96077],[-49.06194,-26.96073],[-49.06183,-26.96067],[-49.06285,-26.96],[-49.06287,-26.95971],[-49.06172,-26.95891],[-49.06077,-26.95905],[-49.06057,-26.95894],[-49.06035,-26.95846],[-49.0607,-26.95822],[-49.06065,-26.95746],[-49.06181,-26.95788],[-49.06312,-26.95808],[-49.06399,-26.95867],[-49.0645,-26.95862],[-49.06465,-26.95809],[-49.06463,-26.95668],[-49.06486,-26.95567],[-49.06513,-26.95537],[-49.06517,-26.95478],[-49.06501,-26.95488],[-49.06495,-26.95515],[-49.06449,-26.95533],[-49.06402,-26.95518],[-49.0632,-26.95466],[-49.06238,-26.95445],[-49.06301,-26.95414],[-49.0635,-26.95338],[-49.06385,-26.95336],[-49.06398,-26.95321],[-49.06389,-26.95294],[-49.06374,-26.95288],[-49.06312,-26.95314],[-49.06292,-26.95291],[-49.06266,-26.95285],[-49.06212,-26.95285],[-49.06155,-26.95301],[-49.06163,-26.95198],[-49.06107,-26.95151],[-49.06069,-26.95155],[-49.05938,-26.95215],[-49.05949,-26.95163],[-49.05998,-26.95118],[-49.06001,-26.95091],[-49.05982,-26.95046],[-49.05926,-26.95018],[-49.06017,-26.95002],[-49.06043,-26.95045],[-49.06072,-26.95062],[-49.06181,-26.95084],[-49.06216,-26.95118],[-49.06281,-26.95064],[-49.06284,-26.95044],[-49.06347,-26.94988],[-49.06361,-26.94955],[-49.06376,-26.94889],[-49.06334,-26.94837],[-49.06338,-26.94796],[-49.06406,-26.94764],[-49.06428,-26.94697],[-49.0652,-26.94647],[-49.0659,-26.94556],[-49.06693,-26.94528],[-49.06693,-26.94498],[-49.06598,-26.94454],[-49.06464,-26.94451],[-49.06386,-26.94465],[-49.06348,-26.94432],[-49.06328,-26.94429],[-49.06274,-26.94437],[-49.0619,-26.94484],[-49.06151,-26.94492],[-49.06146,-26.94466],[-49.06159,-26.94438],[-49.06139,-26.94401],[-49.06147,-26.94375],[-49.06205,-26.94353],[-49.06263,-26.9431],[-49.0635,-26.94284],[-49.06366,-26.94273],[-49.06365,-26.94259],[-49.06247,-26.94243],[-49.0622,-26.94174],[-49.0613,-26.94227],[-49.06031,-26.94248],[-49.06051,-26.94163],[-49.06083,-26.94102],[-49.06083,-26.94076],[-49.0607,-26.94063],[-49.06009,-26.94058],[-49.05979,-26.94104],[-49.05941,-26.94113],[-49.05904,-26.94143],[-49.05876,-26.94191],[-49.05884,-26.9423],[-49.05867,-26.94344],[-49.05845,-26.94318],[-49.05812,-26.94308],[-49.05738,-26.94333],[-49.05678,-26.94387],[-49.05649,-26.94454],[-49.05633,-26.94417],[-49.05666,-26.94352],[-49.05688,-26.94265],[-49.05709,-26.94132],[-49.05704,-26.94092],[-49.05689,-26.94078],[-49.05624,-26.94067],[-49.05589,-26.94169],[-49.05511,-26.94239],[-49.05482,-26.94304],[-49.05393,-26.94405],[-49.05386,-26.94384],[-49.054,-26.94327],[-49.05449,-26.94271],[-49.05466,-26.94214],[-49.0549,-26.94188],[-49.05499,-26.94133],[-49.05469,-26.94126],[-49.05382,-26.94161],[-49.05339,-26.94146],[-49.05337,-26.9412],[-49.05367,-26.94067],[-49.05371,-26.94036],[-49.0541,-26.93979],[-49.05407,-26.93948],[-49.05378,-26.93915],[-49.05339,-26.93922],[-49.05316,-26.93986],[-49.05257,-26.94022],[-49.05237,-26.94009],[-49.05197,-26.9393],[-49.05172,-26.93931],[-49.0519,-26.94004],[-49.05174,-26.94051],[-49.052,-26.94131],[-49.05135,-26.94088],[-49.05091,-26.94096],[-49.05038,-26.93977],[-49.05011,-26.93948],[-49.04968,-26.93933],[-49.04944,-26.9394],[-49.04937,-26.94013],[-49.04918,-26.94044],[-49.04883,-26.94004],[-49.0486,-26.93998],[-49.04769,-26.94081],[-49.04751,-26.94051],[-49.04664,-26.94056],[-49.0477,-26.94008],[-49.04804,-26.93934],[-49.04795,-26.93902],[-49.04719,-26.93851],[-49.04823,-26.93831],[-49.04808,-26.93821],[-49.04822,-26.93816],[-49.04838,-26.93788],[-49.04909,-26.93795],[-49.04952,-26.93777],[-49.0497,-26.93741],[-49.04919,-26.93706],[-49.04934,-26.93693],[-49.04975,-26.93694],[-49.04982,-26.93661],[-49.0507,-26.93658],[-49.0508,-26.937],[-49.05098,-26.93714],[-49.05133,-26.93692],[-49.05162,-26.93694],[-49.05187,-26.93708],[-49.05219,-26.93756],[-49.0527,-26.93699],[-49.0529,-26.93695],[-49.05313,-26.93714],[-49.05338,-26.93715],[-49.0541,-26.9369],[-49.05481,-26.93602],[-49.05484,-26.93558],[-49.05462,-26.93543],[-49.05385,-26.93575],[-49.0532,-26.93632],[-49.0527,-26.93589],[-49.05167,-26.93589],[-49.05184,-26.93516],[-49.05201,-26.9349],[-49.05192,-26.93462],[-49.05178,-26.93457],[-49.05167,-26.93478],[-49.05115,-26.935],[-49.05082,-26.93478],[-49.05031,-26.93477],[-49.05006,-26.93423],[-49.05014,-26.93375],[-49.04882,-26.93348],[-49.04938,-26.93302],[-49.05075,-26.93231],[-49.05116,-26.93233],[-49.05153,-26.93265],[-49.05177,-26.93255],[-49.05271,-26.93165],[-49.05284,-26.93093],[-49.05149,-26.931],[-49.05126,-26.93081],[-49.05129,-26.93053],[-49.05212,-26.92974],[-49.05203,-26.92919],[-49.0524,-26.92881],[-49.05251,-26.92808],[-49.05309,-26.92843],[-49.05366,-26.92802],[-49.05355,-26.92734],[-49.05373,-26.92695],[-49.05375,-26.92636],[-49.05433,-26.92611],[-49.05427,-26.92599],[-49.05458,-26.92583],[-49.05464,-26.92565],[-49.05455,-26.92554],[-49.05556,-26.92437],[-49.05576,-26.92385],[-49.05615,-26.92392],[-49.0566,-26.92362],[-49.05661,-26.92403],[-49.05685,-26.92435],[-49.05877,-26.92447],[-49.05901,-26.92474],[-49.05942,-26.92541],[-49.05937,-26.92625],[-49.0599,-26.92764],[-49.06011,-26.92859],[-49.06169,-26.93042],[-49.06262,-26.9313],[-49.06215,-26.93208],[-49.06213,-26.93276],[-49.06388,-26.93457],[-49.06399,-26.93485],[-49.06589,-26.93548],[-49.06785,-26.93702],[-49.06882,-26.93806],[-49.06924,-26.93896],[-49.06979,-26.93958],[-49.07002,-26.93966],[-49.07098,-26.93948],[-49.07271,-26.93943],[-49.07357,-26.93969],[-49.07501,-26.94041],[-49.07539,-26.94102],[-49.07569,-26.94214],[-49.07698,-26.94371],[-49.07721,-26.94493]]]},"properties":{"BAIRROS":"GARCIA","CD_BAIRRO":"4"}},{"type":"Feature","geometry":{"type":"Polygon","coordinates":[[[-49.05576,-26.92385],[-49.05556,-26.92437],[-49.05455,-26.92554],[-49.05464,-26.92565],[-49.05458,-26.92583],[-49.05427,-26.92599],[-49.05433,-26.92611],[-49.05373,-26.92639],[-49.05373,-26.92695],[-49.05355,-26.92749],[-49.05366,-26.92802],[-49.05309,-26.92843],[-49.05251,-26.92808],[-49.0524,-26.92881],[-49.05217,-26.92912],[-49.05203,-26.92919],[-49.05161,-26.92898],[-49.0511,-26.92958],[-49.05072,-26.92979],[-49.04969,-26.9297],[-49.04949,-26.92988],[-49.04944,-26.93015],[-49.04984,-26.93093],[-49.04942,-26.93117],[-49.04881,-26.93121],[-49.04859,-26.93145],[-49.04817,-26.93147],[-49.04718,-26.93197],[-49.04751,-26.93031],[-49.0473,-26.9296],[-49.04705,-26.92934],[-49.04647,-26.92945],[-49.04595,-26.9301],[-49.0453,-26.93051],[-49.04443,-26.92917],[-49.04427,-26.92913],[-49.04381,-26.9298],[-49.04382,-26.9302],[-49.04349,-26.93036],[-49.04346,-26.93091],[-49.04312,-26.93103],[-49.04294,-26.93136],[-49.04226,-26.92962],[-49.04196,-26.92944],[-49.041,-26.92984],[-49.04007,-26.9295],[-49.0392,-26.93053],[-49.03872,-26.93023],[-49.03833,-26.92968],[-49.03817,-26.92964],[-49.03745,-26.93042],[-49.03685,-26.9305],[-49.03666,-26.93096],[-49.03591,-26.93132],[-49.03552,-26.93081],[-49.03464,-26.93078],[-49.03407,-26.93055],[-49.03452,-26.92983],[-49.03405,-26.92954],[-49.03392,-26.92926],[-49.03393,-26.92908],[-49.03424,-26.92874],[-49.03417,-26.92845],[-49.03316,-26.92786],[-49.03253,-26.92803],[-49.03278,-26.9274],[-49.03239,-26.92698],[-49.03454,-26.92686],[-49.03545,-26.92727],[-49.03563,-26.92716],[-49.03541,-26.92664],[-49.03503,-26.92621],[-49.03517,-26.92531],[-49.03427,-26.9244],[-49.03495,-26.92432],[-49.03543,-26.92388],[-49.03545,-26.92359],[-49.035,-26.92314],[-49.03642,-26.92334],[-49.03617,-26.92368],[-49.03609,-26.92427],[-49.03646,-26.92473],[-49.03663,-26.92527],[-49.03692,-26.92553],[-49.03724,-26.92552],[-49.03796,-26.9251],[-49.03832,-26.92548],[-49.03877,-26.92517],[-49.03916,-26.92511],[-49.03944,-26.92419],[-49.0396,-26.92409],[-49.03997,-26.92423],[-49.04027,-26.92459],[-49.04048,-26.92507],[-49.04049,-26.9257],[-49.04155,-26.92575],[-49.04169,-26.92564],[-49.04141,-26.92512],[-49.04139,-26.92449],[-49.04171,-26.92429],[-49.04224,-26.92433],[-49.04267,-26.92394],[-49.04282,-26.92396],[-49.04278,-26.92413],[-49.04294,-26.92434],[-49.04378,-26.92449],[-49.04411,-26.92467],[-49.04434,-26.92524],[-49.04514,-26.92536],[-49.04552,-26.92598],[-49.04578,-26.9261],[-49.04597,-26.92606],[-49.04611,-26.92563],[-49.04602,-26.92412],[-49.04706,-26.92426],[-49.04717,-26.92417],[-49.04743,-26.92453],[-49.04809,-26.92412],[-49.0484,-26.92376],[-49.04908,-26.9244],[-49.04962,-26.92443],[-49.05011,-26.92415],[-49.05102,-26.92421],[-49.05193,-26.92396],[-49.05206,-26.92378],[-49.05364,-26.92358],[-49.05411,-26.92332],[-49.05433,-26.92336],[-49.05487,-26.92401],[-49.05576,-26.92385]]]},"properties":{"BAIRROS":"RIBEIRAO FRESCO","CD_BAIRRO":"3"}},{"type":"Feature","geometry":{"type":"Polygon","coordinates":[[[-49.06113,-26.99824],[-49.06111,-26.99833],[-49.06081,-26.99827],[-49.06083,-26.99878],[-49.06052,-26.99929],[-49.06016,-26.9991],[-49.06012,-26.99972],[-49.05956,-26.99987],[-49.05896,-26.9997],[-49.05801,-27.00027],[-49.05775,-27.00014],[-49.05709,-27.00012],[-49.05633,-27.00037],[-49.05687,-26.99979],[-49.0572,-26.99887],[-49.05717,-26.99869],[-49.05681,-26.99837],[-49.05685,-26.99794],[-49.0571,-26.99821],[-49.05762,-26.99834],[-49.05807,-26.99862],[-49.05832,-26.99859],[-49.05896,-26.99828],[-49.05921,-26.99834],[-49.05931,-26.99806],[-49.06026,-26.9976],[-49.06098,-26.99752],[-49.06149,-26.99724],[-49.06179,-26.99638],[-49.0615,-26.99602],[-49.0607,-26.99574],[-49.06096,-26.99562],[-49.06089,-26.99519],[-49.06127,-26.99478],[-49.0615,-26.99402],[-49.0624,-26.99413],[-49.06259,-26.99362],[-49.06282,-26.99364],[-49.06292,-26.99349],[-49.06349,-26.99377],[-49.06368,-26.99428],[-49.064,-26.99458],[-49.06498,-26.99423],[-49.06478,-26.99482],[-49.06478,-26.99549],[-49.06516,-26.99614],[-49.0657,-26.99589],[-49.06632,-26.99636],[-49.06727,-26.99611],[-49.06796,-26.99618],[-49.06787,-26.99734],[-49.06838,-26.99679],[-49.06893,-26.99657],[-49.06976,-26.99543],[-49.06979,-26.99495],[-49.07003,-26.99468],[-49.07009,-26.9944],[-49.06985,-26.99412],[-49.07013,-26.99385],[-49.07018,-26.99301],[-49.07057,-26.99234],[-49.07036,-26.99213],[-49.07041,-26.99195],[-49.07053,-26.99178],[-49.07139,-26.99138],[-49.07142,-26.9912],[-49.06939,-26.99105],[-49.06869,-26.99121],[-49.06849,-26.99092],[-49.06756,-26.99091],[-49.06753,-26.99077],[-49.06725,-26.99082],[-49.06709,-26.9907],[-49.06724,-26.99063],[-49.06726,-26.99044],[-49.06791,-26.99025],[-49.06796,-26.98986],[-49.0685,-26.99014],[-49.06885,-26.99005],[-49.06906,-26.99027],[-49.06922,-26.98999],[-49.06902,-26.98934],[-49.06915,-26.98903],[-49.06945,-26.98878],[-49.06957,-26.98875],[-49.06965,-26.98927],[-49.07009,-26.98963],[-49.07047,-26.98963],[-49.07112,-26.9894],[-49.07171,-26.98944],[-49.07204,-26.98963],[-49.07288,-26.98908],[-49.07324,-26.9879],[-49.07313,-26.98726],[-49.07332,-26.98702],[-49.07403,-26.98664],[-49.07435,-26.98629],[-49.07496,-26.98518],[-49.07453,-26.98488],[-49.07463,-26.98439],[-49.07571,-26.98356],[-49.0756,-26.98301],[-49.07504,-26.98273],[-49.07456,-26.98143],[-49.07421,-26.98153],[-49.07379,-26.9822],[-49.07324,-26.98242],[-49.07314,-26.98284],[-49.07281,-26.98315],[-49.07258,-26.98278],[-49.07227,-26.98258],[-49.07262,-26.98234],[-49.07252,-26.98083],[-49.07231,-26.98032],[-49.07422,-26.98025],[-49.07492,-26.97934],[-49.07515,-26.97806],[-49.07511,-26.97693],[-49.07522,-26.97653],[-49.0743,-26.97615],[-49.07282,-26.97786],[-49.07219,-26.9782],[-49.07172,-26.97816],[-49.07147,-26.97881],[-49.07086,-26.97948],[-49.07056,-26.97949],[-49.07046,-26.97932],[-49.07047,-26.97854],[-49.07017,-26.97833],[-49.06983,-26.97829],[-49.06921,-26.97856],[-49.06801,-26.9783],[-49.06705,-26.97838],[-49.06745,-26.97809],[-49.0674,-26.97768],[-49.06862,-26.97758],[-49.06973,-26.97688],[-49.07017,-26.97674],[-49.07075,-26.97678],[-49.07081,-26.97666],[-49.06992,-26.97608],[-49.06968,-26.97568],[-49.06992,-26.97566],[-49.07111,-26.97609],[-49.07154,-26.97597],[-49.07213,-26.97543],[-49.07226,-26.97502],[-49.07272,-26.97455],[-49.07298,-26.97401],[-49.07276,-26.97374],[-49.07216,-26.97408],[-49.07143,-26.9742],[-49.07128,-26.97378],[-49.07068,-26.97364],[-49.07044,-26.97344],[-49.07004,-26.97203],[-49.06972,-26.97203],[-49.0694,-26.97279],[-49.06915,-26.97287],[-49.06855,-26.97222],[-49.06856,-26.97205],[-49.0681,-26.97209],[-49.06813,-26.97176],[-49.06881,-26.97087],[-49.06849,-26.97029],[-49.06855,-26.96989],[-49.06787,-26.96981],[-49.06774,-26.96967],[-49.06786,-26.96928],[-49.06836,-26.96897],[-49.06782,-26.96853],[-49.06784,-26.96828],[-49.06856,-26.96802],[-49.06934,-26.96814],[-49.06974,-26.96795],[-49.06984,-26.96779],[-49.0697,-26.96727],[-49.07039,-26.96652],[-49.0707,-26.96544],[-49.07063,-26.96516],[-49.07174,-26.96438],[-49.07138,-26.96418],[-49.07048,-26.9641],[-49.07015,-26.96356],[-49.06978,-26.96375],[-49.06907,-26.96467],[-49.0686,-26.96488],[-49.06816,-26.96489],[-49.06719,-26.96469],[-49.0667,-26.96443],[-49.06649,-26.96447],[-49.06634,-26.96417],[-49.06583,-26.96413],[-49.06564,-26.96376],[-49.06575,-26.96343],[-49.06606,-26.96311],[-49.06618,-26.9626],[-49.06619,-26.96201],[-49.06581,-26.96206],[-49.06747,-26.96101],[-49.0683,-26.96066],[-49.06906,-26.9608],[-49.06954,-26.96027],[-49.06999,-26.96059],[-49.07032,-26.96021],[-49.07094,-26.96016],[-49.072,-26.95932],[-49.07259,-26.95997],[-49.07326,-26.95908],[-49.07471,-26.95926],[-49.07577,-26.9599],[-49.07717,-26.95985],[-49.07762,-26.9601],[-49.07868,-26.95968],[-49.0792,-26.95972],[-49.07951,-26.96015],[-49.07994,-26.96037],[-49.08021,-26.96074],[-49.08037,-26.9615],[-49.08065,-26.96167],[-49.0805,-26.9618],[-49.08056,-26.96205],[-49.08107,-26.96255],[-49.08133,-26.963],[-49.0817,-26.96301],[-49.08212,-26.96351],[-49.08189,-26.96384],[-49.08243,-26.96419],[-49.08195,-26.96478],[-49.08126,-26.96497],[-49.08092,-26.96559],[-49.08011,-26.96552],[-49.0798,-26.96571],[-49.07964,-26.96608],[-49.07972,-26.96691],[-49.07958,-26.96714],[-49.07898,-26.96705],[-49.07851,-26.96737],[-49.07792,-26.96705],[-49.07756,-26.96705],[-49.07726,-26.96721],[-49.07685,-26.96783],[-49.07525,-26.96761],[-49.07488,-26.96801],[-49.0765,-26.96984],[-49.07727,-26.96996],[-49.07774,-26.97019],[-49.07841,-26.97089],[-49.07868,-26.97165],[-49.08083,-26.9716],[-49.08106,-26.97109],[-49.08126,-26.97129],[-49.08226,-26.97116],[-49.08228,-26.9709],[-49.08215,-26.97058],[-49.0819,-26.97043],[-49.08185,-26.97009],[-49.08192,-26.96936],[-49.08222,-26.96913],[-49.08255,-26.96927],[-49.08293,-26.96979],[-49.08342,-26.96987],[-49.08412,-26.96959],[-49.08467,-26.96897],[-49.0847,-26.96985],[-49.08452,-26.97045],[-49.08472,-26.97055],[-49.08859,-26.97036],[-49.08895,-26.97018],[-49.08913,-26.96905],[-49.09045,-26.96935],[-49.09088,-26.96888],[-49.0906,-26.96859],[-49.09099,-26.96815],[-49.09178,-26.96842],[-49.09211,-26.96828],[-49.09241,-26.96773],[-49.09274,-26.96763],[-49.09284,-26.96748],[-49.09271,-26.96717],[-49.09342,-26.96575],[-49.09343,-26.96522],[-49.09375,-26.96534],[-49.09392,-26.96506],[-49.09454,-26.96472],[-49.09465,-26.96452],[-49.09445,-26.96421],[-49.0949,-26.96443],[-49.09583,-26.96438],[-49.09498,-26.96458],[-49.0942,-26.96523],[-49.09405,-26.96599],[-49.09372,-26.96618],[-49.09358,-26.96695],[-49.09381,-26.96717],[-49.09347,-26.96736],[-49.09359,-26.96795],[-49.09405,-26.9683],[-49.0941,-26.96851],[-49.09484,-26.96847],[-49.09488,-26.96896],[-49.09508,-26.96903],[-49.09506,-26.96924],[-49.09397,-26.96953],[-49.0933,-26.96947],[-49.09317,-26.96967],[-49.09265,-26.9699],[-49.09249,-26.97024],[-49.09301,-26.97069],[-49.09412,-26.97103],[-49.09515,-26.9717],[-49.09535,-26.9717],[-49.09568,-26.97132],[-49.09623,-26.97107],[-49.09689,-26.97121],[-49.09782,-26.97106],[-49.09816,-26.97085],[-49.09883,-26.97009],[-49.1006,-26.96889],[-49.10146,-26.96853],[-49.10191,-26.96853],[-49.10201,-26.96834],[-49.10221,-26.96851],[-49.10297,-26.96785],[-49.10318,-26.96784],[-49.10314,-26.96809],[-49.10218,-26.96884],[-49.10154,-26.96898],[-49.10081,-26.96956],[-49.10026,-26.97022],[-49.10024,-26.97044],[-49.09969,-26.97098],[-49.09971,-26.97116],[-49.09905,-26.97122],[-49.09879,-26.97154],[-49.09833,-26.97177],[-49.0965,-26.97193],[-49.09619,-26.97259],[-49.09496,-26.97301],[-49.09494,-26.97356],[-49.09541,-26.97403],[-49.09533,-26.97482],[-49.09552,-26.97589],[-49.09531,-26.97614],[-49.09534,-26.97645],[-49.09545,-26.97667],[-49.09592,-26.97694],[-49.09594,-26.97714],[-49.09653,-26.97749],[-49.09436,-26.97682],[-49.09406,-26.97644],[-49.09401,-26.97595],[-49.09389,-26.97582],[-49.09397,-26.97518],[-49.09372,-26.97487],[-49.0934,-26.97487],[-49.09346,-26.97444],[-49.09295,-26.9735],[-49.09223,-26.97288],[-49.09178,-26.97312],[-49.09133,-26.97273],[-49.09088,-26.97265],[-49.09056,-26.9728],[-49.09017,-26.97332],[-49.08939,-26.97354],[-49.08921,-26.97345],[-49.08942,-26.973],[-49.08938,-26.97226],[-49.08898,-26.97221],[-49.08754,-26.97257],[-49.08693,-26.97261],[-49.08651,-26.97301],[-49.08627,-26.9737],[-49.08601,-26.97387],[-49.08579,-26.97332],[-49.0856,-26.9732],[-49.08535,-26.97332],[-49.08521,-26.97389],[-49.08495,-26.97405],[-49.08456,-26.97336],[-49.08457,-26.97301],[-49.08388,-26.97317],[-49.08378,-26.97375],[-49.08358,-26.97397],[-49.08341,-26.97357],[-49.08314,-26.97335],[-49.08235,-26.97347],[-49.08213,-26.97366],[-49.08226,-26.9739],[-49.08225,-26.97424],[-49.08184,-26.97442],[-49.08234,-26.97488],[-49.08162,-26.97497],[-49.0814,-26.97508],[-49.08137,-26.97522],[-49.08206,-26.97621],[-49.08284,-26.97694],[-49.08329,-26.97778],[-49.08368,-26.97823],[-49.08435,-26.97858],[-49.08574,-26.97903],[-49.08493,-26.97914],[-49.08495,-26.97952],[-49.08477,-26.97969],[-49.08463,-26.98011],[-49.08439,-26.98012],[-49.08391,-26.97998],[-49.0838,-26.97984],[-49.0823,-26.97949],[-49.08218,-26.9795],[-49.08215,-26.97965],[-49.08238,-26.97992],[-49.0821,-26.98006],[-49.08132,-26.97962],[-49.08106,-26.9793],[-49.07965,-26.9789],[-49.07956,-26.97936],[-49.07926,-26.97965],[-49.07928,-26.98016],[-49.07947,-26.98042],[-49.08037,-26.98095],[-49.08069,-26.98215],[-49.08063,-26.98228],[-49.07988,-26.98247],[-49.07994,-26.98264],[-49.08059,-26.98295],[-49.08119,-26.98306],[-49.08161,-26.98285],[-49.08256,-26.98273],[-49.08285,-26.98285],[-49.0825,-26.98307],[-49.08255,-26.98351],[-49.08284,-26.98367],[-49.08372,-26.98377],[-49.08469,-26.98372],[-49.08525,-26.98384],[-49.08566,-26.98373],[-49.08627,-26.98417],[-49.08672,-26.9843],[-49.08766,-26.98424],[-49.08772,-26.98467],[-49.08783,-26.9847],[-49.0882,-26.98456],[-49.08975,-26.98296],[-49.08974,-26.98339],[-49.0893,-26.98373],[-49.08919,-26.98417],[-49.08853,-26.98525],[-49.08861,-26.98575],[-49.08899,-26.98603],[-49.08905,-26.98625],[-49.08837,-26.98658],[-49.08827,-26.98698],[-49.08886,-26.98741],[-49.08941,-26.98745],[-49.09036,-26.98708],[-49.09092,-26.98723],[-49.09126,-26.98671],[-49.09128,-26.98711],[-49.09161,-26.98737],[-49.09136,-26.9873],[-49.09023,-26.98752],[-49.09005,-26.98771],[-49.09003,-26.98805],[-49.09053,-26.98825],[-49.09068,-26.98853],[-49.0912,-26.98865],[-49.09237,-26.98972],[-49.09371,-26.99021],[-49.09532,-26.99013],[-49.09602,-26.98959],[-49.09613,-26.98991],[-49.09632,-26.99004],[-49.09791,-26.99],[-49.09805,-26.99029],[-49.09897,-26.99039],[-49.09891,-26.99061],[-49.09953,-26.99133],[-49.09985,-26.9912],[-49.10025,-26.99133],[-49.10104,-26.99128],[-49.10131,-26.99164],[-49.10171,-26.99154],[-49.10175,-26.99173],[-49.10305,-26.99208],[-49.10411,-26.99198],[-49.10443,-26.99175],[-49.10537,-26.99169],[-49.10463,-26.99197],[-49.10439,-26.99229],[-49.10555,-26.99261],[-49.10633,-26.99328],[-49.10691,-26.99318],[-49.1071,-26.99274],[-49.1074,-26.99243],[-49.10738,-26.99179],[-49.10779,-26.99206],[-49.10857,-26.9917],[-49.1101,-26.99151],[-49.1111,-26.99157],[-49.1111,-26.99125],[-49.11229,-26.99121],[-49.11296,-26.99205],[-49.11372,-26.99198],[-49.114,-26.99178],[-49.11413,-26.99102],[-49.11454,-26.99073],[-49.11474,-26.99031],[-49.11499,-26.99037],[-49.11479,-26.99049],[-49.11493,-26.99082],[-49.11447,-26.99127],[-49.11443,-26.9923],[-49.1136,-26.99302],[-49.11464,-26.9945],[-49.11407,-26.99411],[-49.11353,-26.99407],[-49.11319,-26.99338],[-49.1129,-26.99349],[-49.11252,-26.99327],[-49.1119,-26.99323],[-49.11134,-26.99337],[-49.11108,-26.994],[-49.11072,-26.99343],[-49.1105,-26.99343],[-49.10875,-26.99421],[-49.10855,-26.99457],[-49.10816,-26.9944],[-49.1073,-26.99515],[-49.10764,-26.99569],[-49.10765,-26.99597],[-49.10791,-26.99616],[-49.10898,-26.99601],[-49.1096,-26.99557],[-49.10974,-26.99578],[-49.11095,-26.99586],[-49.11036,-26.99625],[-49.11025,-26.99662],[-49.10954,-26.99647],[-49.10916,-26.99661],[-49.109,-26.99687],[-49.10908,-26.99716],[-49.10953,-26.99743],[-49.1098,-26.99799],[-49.11099,-26.9985],[-49.11066,-26.99862],[-49.11063,-26.99875],[-49.11019,-26.99866],[-49.10963,-26.99873],[-49.10903,-26.99855],[-49.10871,-26.99865],[-49.10839,-26.99936],[-49.10837,-27.00019],[-49.10906,-27.00114],[-49.10877,-27.00178],[-49.10881,-27.00311],[-49.10895,-27.0033],[-49.10956,-27.00354],[-49.10969,-27.00496],[-49.11003,-27.00548],[-49.11027,-27.00559],[-49.10996,-27.00552],[-49.10963,-27.00513],[-49.1094,-27.004],[-49.10859,-27.00377],[-49.10827,-27.00379],[-49.10804,-27.00261],[-49.10761,-27.00207],[-49.10756,-27.00142],[-49.10734,-27.00127],[-49.10729,-27.00094],[-49.10709,-27.00084],[-49.10662,-27.00006],[-49.10605,-27.00014],[-49.1057,-26.99999],[-49.10514,-26.99997],[-49.10418,-27.00033],[-49.10374,-27.00028],[-49.10197,-26.99953],[-49.10129,-26.99944],[-49.10102,-26.99917],[-49.10019,-26.99899],[-49.10067,-26.99841],[-49.10042,-26.9982],[-49.10042,-26.99788],[-49.09959,-26.99763],[-49.0996,-26.99719],[-49.0997,-26.99703],[-49.10005,-26.9969],[-49.10015,-26.99656],[-49.10014,-26.99631],[-49.09991,-26.99608],[-49.09765,-26.99586],[-49.09646,-26.9955],[-49.09583,-26.9956],[-49.09564,-26.99555],[-49.0955,-26.9953],[-49.09525,-26.99554],[-49.09502,-26.99555],[-49.09496,-26.99663],[-49.09445,-26.99586],[-49.09386,-26.99566],[-49.09322,-26.99588],[-49.09274,-26.99521],[-49.09175,-26.995],[-49.09159,-26.99515],[-49.09156,-26.99573],[-49.09136,-26.99622],[-49.0918,-26.99665],[-49.09132,-26.99677],[-49.09134,-26.99705],[-49.0911,-26.99721],[-49.09101,-26.99748],[-49.0901,-26.99683],[-49.09034,-26.99577],[-49.09019,-26.9952],[-49.09006,-26.99508],[-49.08962,-26.99502],[-49.08926,-26.99514],[-49.08884,-26.9954],[-49.0885,-26.99594],[-49.08864,-26.9938],[-49.08906,-26.99342],[-49.0893,-26.99245],[-49.08895,-26.99265],[-49.0878,-26.9926],[-49.08771,-26.99247],[-49.08778,-26.99197],[-49.08696,-26.99207],[-49.08613,-26.99129],[-49.0858,-26.99149],[-49.08574,-26.99086],[-49.08549,-26.9906],[-49.08516,-26.99068],[-49.08518,-26.99039],[-49.085,-26.99025],[-49.08482,-26.98964],[-49.08469,-26.98956],[-49.08402,-26.98974],[-49.08326,-26.98969],[-49.08287,-26.99004],[-49.08271,-26.98955],[-49.08249,-26.98939],[-49.08134,-26.98945],[-49.0806,-26.9897],[-49.08069,-26.98946],[-49.08054,-26.98942],[-49.08047,-26.98913],[-49.08008,-26.98911],[-49.07937,-26.98854],[-49.07906,-26.98868],[-49.07907,-26.9897],[-49.0786,-26.9908],[-49.0786,-26.99141],[-49.07809,-26.99112],[-49.07721,-26.99019],[-49.07669,-26.98878],[-49.07686,-26.98803],[-49.07645,-26.98818],[-49.07625,-26.98792],[-49.07583,-26.98808],[-49.07512,-26.98919],[-49.07458,-26.98949],[-49.07443,-26.99002],[-49.07413,-26.99021],[-49.07413,-26.99046],[-49.07491,-26.9911],[-49.07417,-26.99123],[-49.07394,-26.99197],[-49.0731,-26.99211],[-49.07326,-26.99271],[-49.07386,-26.99292],[-49.07322,-26.99325],[-49.07249,-26.99339],[-49.07251,-26.99376],[-49.0729,-26.99452],[-49.07225,-26.99424],[-49.07193,-26.9943],[-49.0718,-26.9945],[-49.07187,-26.99583],[-49.07158,-26.99608],[-49.07177,-26.99665],[-49.071,-26.99665],[-49.07112,-26.99749],[-49.07084,-26.99777],[-49.07047,-26.9977],[-49.07021,-26.9978],[-49.06998,-26.99808],[-49.06999,-26.99861],[-49.0694,-26.99834],[-49.06855,-26.99889],[-49.06868,-26.99958],[-49.06854,-27.00039],[-49.06874,-27.00043],[-49.06902,-27.00076],[-49.0697,-27.00074],[-49.06997,-27.00087],[-49.06858,-27.00102],[-49.06893,-27.00197],[-49.06866,-27.00302],[-49.06857,-27.00314],[-49.06831,-27.00308],[-49.0683,-27.00355],[-49.06881,-27.00455],[-49.06838,-27.00427],[-49.06805,-27.00364],[-49.06805,-27.00325],[-49.06842,-27.00221],[-49.06793,-27.0013],[-49.06782,-27.00122],[-49.06748,-27.00138],[-49.06725,-27.00114],[-49.06654,-27.00172],[-49.06701,-27.00058],[-49.06668,-27.00033],[-49.06666,-27.00008],[-49.06604,-27.0003],[-49.06663,-26.9996],[-49.06664,-26.99931],[-49.06616,-26.99897],[-49.06652,-26.99873],[-49.06633,-26.9979],[-49.06573,-26.99738],[-49.06556,-26.99735],[-49.06535,-26.99774],[-49.06504,-26.99759],[-49.06455,-26.99786],[-49.06467,-26.99829],[-49.06417,-26.99888],[-49.06399,-26.99893],[-49.06401,-26.99926],[-49.06364,-26.99994],[-49.06366,-26.99931],[-49.06337,-26.99903],[-49.06271,-27.00009],[-49.06254,-26.99997],[-49.06192,-27.00016],[-49.06172,-26.99976],[-49.06186,-26.99914],[-49.0621,-26.99902],[-49.06234,-26.99915],[-49.06275,-26.99858],[-49.06355,-26.99867],[-49.06366,-26.99807],[-49.06346,-26.99783],[-49.0637,-26.99719],[-49.06355,-26.99695],[-49.06258,-26.99729],[-49.06257,-26.99746],[-49.06217,-26.99774],[-49.06198,-26.99813],[-49.06113,-26.99824]]]},"properties":{"BAIRROS":"PROGRESSO","CD_BAIRRO":"6"}},{"type":"Feature","geometry":{"type":"Polygon","coordinates":[[[-49.09549,-26.95756],[-49.09562,-26.95764],[-49.0955,-26.95782],[-49.09503,-26.95779],[-49.09472,-26.95762],[-49.09417,-26.95766],[-49.09376,-26.9575],[-49.0936,-26.95767],[-49.0931,-26.95761],[-49.09278,-26.95774],[-49.09241,-26.9573],[-49.09229,-26.95685],[-49.09225,-26.95701],[-49.09102,-26.95674],[-49.09082,-26.95684],[-49.09064,-26.95736],[-49.09092,-26.95773],[-49.09093,-26.95808],[-49.09062,-26.95814],[-49.09051,-26.9584],[-49.08965,-26.95786],[-49.08906,-26.95799],[-49.08906,-26.95785],[-49.08873,-26.95775],[-49.08864,-26.95828],[-49.08827,-26.95843],[-49.08811,-26.95816],[-49.08835,-26.95715],[-49.08738,-26.95658],[-49.08773,-26.95603],[-49.08755,-26.95568],[-49.08761,-26.95547],[-49.088,-26.95515],[-49.08801,-26.95473],[-49.08723,-26.9548],[-49.0862,-26.95526],[-49.08599,-26.95557],[-49.08593,-26.95612],[-49.0856,-26.95618],[-49.08558,-26.95603],[-49.08518,-26.95571],[-49.08527,-26.95527],[-49.0851,-26.95465],[-49.08454,-26.95479],[-49.0839,-26.95538],[-49.08414,-26.95599],[-49.08416,-26.95672],[-49.08365,-26.95663],[-49.08322,-26.95686],[-49.08305,-26.95674],[-49.08319,-26.95631],[-49.08293,-26.95473],[-49.0825,-26.95406],[-49.0822,-26.95397],[-49.08098,-26.95462],[-49.08068,-26.95529],[-49.08068,-26.9561],[-49.08027,-26.95579],[-49.07966,-26.95482],[-49.07931,-26.95484],[-49.07847,-26.95616],[-49.07833,-26.95621],[-49.07797,-26.95601],[-49.07757,-26.95675],[-49.07757,-26.95748],[-49.07645,-26.95717],[-49.07642,-26.95685],[-49.0757,-26.95591],[-49.07496,-26.9566],[-49.07466,-26.95663],[-49.07452,-26.95702],[-49.07461,-26.9571],[-49.07432,-26.95767],[-49.07355,-26.95775],[-49.07335,-26.95814],[-49.07302,-26.95834],[-49.07329,-26.95905],[-49.07259,-26.95997],[-49.072,-26.95932],[-49.07094,-26.96016],[-49.07032,-26.96021],[-49.06945,-26.95947],[-49.06782,-26.95862],[-49.0676,-26.95828],[-49.06837,-26.95611],[-49.06854,-26.95601],[-49.06919,-26.95642],[-49.06985,-26.95649],[-49.07059,-26.95639],[-49.07094,-26.95614],[-49.07156,-26.95521],[-49.07183,-26.95446],[-49.07195,-26.95204],[-49.07219,-26.95103],[-49.07313,-26.95016],[-49.07459,-26.94949],[-49.07507,-26.94911],[-49.0755,-26.94816],[-49.07684,-26.94668],[-49.07717,-26.9456],[-49.07867,-26.94586],[-49.0789,-26.94549],[-49.07896,-26.94509],[-49.07966,-26.94477],[-49.08012,-26.94489],[-49.08071,-26.94469],[-49.08118,-26.94397],[-49.08306,-26.94296],[-49.0835,-26.94223],[-49.08419,-26.94161],[-49.08335,-26.94274],[-49.08333,-26.94326],[-49.08311,-26.94318],[-49.08248,-26.94357],[-49.08228,-26.94419],[-49.0819,-26.94422],[-49.08157,-26.94443],[-49.08151,-26.94506],[-49.08177,-26.94479],[-49.08179,-26.94513],[-49.08241,-26.94507],[-49.083,-26.94542],[-49.08256,-26.94552],[-49.08205,-26.94593],[-49.08195,-26.94611],[-49.08201,-26.94644],[-49.08096,-26.94693],[-49.08091,-26.94736],[-49.08054,-26.9478],[-49.08101,-26.9483],[-49.08187,-26.94864],[-49.08197,-26.94909],[-49.08222,-26.94942],[-49.08226,-26.94989],[-49.08067,-26.94942],[-49.08029,-26.94943],[-49.08013,-26.94968],[-49.08038,-26.95048],[-49.07983,-26.95082],[-49.07942,-26.95089],[-49.07897,-26.95067],[-49.07844,-26.9501],[-49.07848,-26.94984],[-49.07824,-26.94961],[-49.07809,-26.94872],[-49.07789,-26.94829],[-49.07744,-26.94827],[-49.07732,-26.94908],[-49.07692,-26.94969],[-49.07659,-26.95086],[-49.07651,-26.95143],[-49.07661,-26.95173],[-49.07684,-26.95177],[-49.07768,-26.95154],[-49.07913,-26.95172],[-49.07984,-26.95201],[-49.07999,-26.95192],[-49.08047,-26.95248],[-49.08085,-26.95266],[-49.08133,-26.9525],[-49.08182,-26.95185],[-49.08204,-26.95174],[-49.08259,-26.95241],[-49.08275,-26.95252],[-49.08303,-26.95248],[-49.08322,-26.95292],[-49.08347,-26.95308],[-49.08498,-26.95311],[-49.08537,-26.95297],[-49.08547,-26.95326],[-49.08616,-26.95322],[-49.08638,-26.95334],[-49.08654,-26.95325],[-49.08741,-26.95188],[-49.08742,-26.95316],[-49.08756,-26.95337],[-49.08827,-26.95337],[-49.08874,-26.95322],[-49.08912,-26.95301],[-49.08945,-26.95237],[-49.08953,-26.95317],[-49.09004,-26.95332],[-49.08971,-26.95423],[-49.08984,-26.95459],[-49.09037,-26.95464],[-49.09064,-26.9543],[-49.09116,-26.95406],[-49.09146,-26.95468],[-49.0915,-26.95532],[-49.09173,-26.95573],[-49.09223,-26.956],[-49.09285,-26.95601],[-49.09329,-26.95622],[-49.09336,-26.95681],[-49.0937,-26.95682],[-49.09417,-26.95721],[-49.09503,-26.9574],[-49.09523,-26.95699],[-49.09549,-26.95756]]]},"properties":{"BAIRROS":"VALPARAISO","CD_BAIRRO":"7"}},{"type":"Feature","geometry":{"type":"Polygon","coordinates":[[[-49.08412,-26.94163],[-49.0835,-26.94223],[-49.08306,-26.94296],[-49.08118,-26.94397],[-49.08071,-26.94469],[-49.08012,-26.94489],[-49.07966,-26.94477],[-49.07896,-26.94509],[-49.0789,-26.94549],[-49.07867,-26.94586],[-49.07717,-26.9456],[-49.0772,-26.9446],[-49.07698,-26.94371],[-49.07569,-26.94214],[-49.07539,-26.94102],[-49.07501,-26.94041],[-49.07357,-26.93969],[-49.07271,-26.93943],[-49.07098,-26.93948],[-49.07002,-26.93966],[-49.06979,-26.93958],[-49.06924,-26.93896],[-49.06882,-26.93806],[-49.06785,-26.93702],[-49.06589,-26.93548],[-49.06399,-26.93485],[-49.06388,-26.93457],[-49.06218,-26.93287],[-49.06209,-26.93259],[-49.06215,-26.93208],[-49.06222,-26.93198],[-49.06335,-26.93203],[-49.06392,-26.9323],[-49.06515,-26.93439],[-49.06543,-26.93416],[-49.06595,-26.93432],[-49.06783,-26.93403],[-49.06874,-26.93283],[-49.06903,-26.93294],[-49.07018,-26.93281],[-49.07217,-26.93238],[-49.07205,-26.93382],[-49.07316,-26.93359],[-49.07297,-26.93435],[-49.07295,-26.93482],[-49.07308,-26.93497],[-49.07355,-26.93517],[-49.07414,-26.93513],[-49.0748,-26.93434],[-49.0752,-26.93421],[-49.07509,-26.93521],[-49.07525,-26.93544],[-49.07562,-26.9356],[-49.07535,-26.93601],[-49.07543,-26.93626],[-49.07635,-26.93646],[-49.07747,-26.93609],[-49.07804,-26.93611],[-49.07742,-26.93664],[-49.07733,-26.93706],[-49.07756,-26.93745],[-49.07739,-26.93752],[-49.07595,-26.9375],[-49.07557,-26.93771],[-49.07518,-26.93759],[-49.07434,-26.93799],[-49.07287,-26.93735],[-49.07259,-26.93755],[-49.07251,-26.93788],[-49.07297,-26.93834],[-49.0746,-26.93868],[-49.07519,-26.93917],[-49.07628,-26.93972],[-49.07695,-26.93976],[-49.0773,-26.9395],[-49.07754,-26.94019],[-49.07801,-26.94052],[-49.07915,-26.94058],[-49.08059,-26.94012],[-49.08023,-26.94098],[-49.07958,-26.94178],[-49.07888,-26.94228],[-49.07883,-26.94265],[-49.07906,-26.94313],[-49.07881,-26.94393],[-49.07892,-26.94408],[-49.07946,-26.94405],[-49.08057,-26.94346],[-49.08131,-26.94343],[-49.08251,-26.94297],[-49.08338,-26.94214],[-49.08412,-26.94163]]]},"properties":{"BAIRROS":"VILA FORMOSA","CD_BAIRRO":"8"}},{"type":"Feature","geometry":{"type":"Polygon","coordinates":[[[-49.0706,-26.90964],[-49.07107,-26.90817],[-49.07119,-26.90634],[-49.07129,-26.90611],[-49.07103,-26.9047],[-49.07175,-26.90327],[-49.07182,-26.9026],[-49.07226,-26.90244],[-49.0732,-26.90268],[-49.07523,-26.90423],[-49.07634,-26.90468],[-49.07616,-26.90493],[-49.0769,-26.90528],[-49.07675,-26.90544],[-49.08241,-26.90982],[-49.08171,-26.91055],[-49.08113,-26.91026],[-49.08032,-26.91024],[-49.07837,-26.90982],[-49.0775,-26.90999],[-49.07696,-26.9104],[-49.07626,-26.91054],[-49.07591,-26.91092],[-49.076,-26.91113],[-49.07633,-26.9112],[-49.077,-26.91163],[-49.07681,-26.91201],[-49.07632,-26.91216],[-49.0751,-26.91206],[-49.07484,-26.91243],[-49.07478,-26.9129],[-49.07447,-26.91357],[-49.07427,-26.91379],[-49.07353,-26.9141],[-49.07236,-26.91419],[-49.07171,-26.91375],[-49.07113,-26.91409],[-49.07092,-26.91408],[-49.07055,-26.91386],[-49.06964,-26.91266],[-49.06866,-26.91309],[-49.06929,-26.91219],[-49.06961,-26.9121],[-49.06984,-26.9118],[-49.07009,-26.9107],[-49.0704,-26.91025],[-49.0706,-26.90964]]]},"properties":{"BAIRROS":"VICTOR KONDER","CD_BAIRRO":"21"}},{"type":"Feature","geometry":{"type":"Polygon","coordinates":[[[-49.06163,-26.87936],[-49.0616,-26.87984],[-49.06133,-26.88017],[-49.06156,-26.88049],[-49.0611,-26.88091],[-49.06135,-26.8812],[-49.06109,-26.88185],[-49.06109,-26.8827],[-49.06098,-26.88294],[-49.0611,-26.88313],[-49.06031,-26.88361],[-49.05927,-26.8837],[-49.05827,-26.88407],[-49.05723,-26.8853],[-49.057,-26.88538],[-49.05555,-26.88493],[-49.05465,-26.885],[-49.0514,-26.88587],[-49.05103,-26.8855],[-49.05078,-26.88478],[-49.05048,-26.88456],[-49.04778,-26.88374],[-49.04692,-26.88179],[-49.04684,-26.88083],[-49.04691,-26.88053],[-49.04723,-26.88017],[-49.04721,-26.8796],[-49.04595,-26.87879],[-49.0449,-26.87842],[-49.04406,-26.87777],[-49.04452,-26.87707],[-49.0446,-26.87673],[-49.0443,-26.87618],[-49.04434,-26.87575],[-49.0442,-26.87521],[-49.04378,-26.87454],[-49.04358,-26.87384],[-49.0438,-26.87344],[-49.04448,-26.87297],[-49.04452,-26.87273],[-49.04417,-26.87168],[-49.04423,-26.86971],[-49.04363,-26.8685],[-49.04181,-26.86637],[-49.04169,-26.86563],[-49.04224,-26.86506],[-49.04197,-26.86412],[-49.04104,-26.86402],[-49.04021,-26.86362],[-49.04012,-26.86301],[-49.04025,-26.86154],[-49.04043,-26.86095],[-49.04453,-26.86355],[-49.04571,-26.86397],[-49.04662,-26.864],[-49.04783,-26.86367],[-49.05165,-26.86163],[-49.05247,-26.86206],[-49.05368,-26.86303],[-49.05377,-26.86313],[-49.05375,-26.86453],[-49.05349,-26.8654],[-49.05584,-26.8655],[-49.05597,-26.86709],[-49.05572,-26.86762],[-49.05588,-26.87105],[-49.05651,-26.87136],[-49.05791,-26.87124],[-49.05793,-26.87366],[-49.05849,-26.87361],[-49.05978,-26.87389],[-49.0598,-26.87513],[-49.06136,-26.87506],[-49.06163,-26.87936]]]},"properties":{"BAIRROS":"TRIBESS","CD_BAIRRO":"27"}},{"type":"Feature","geometry":{"type":"Polygon","coordinates":[[[-49.14322,-26.89914],[-49.14258,-26.90177],[-49.14217,-26.90215],[-49.14108,-26.90207],[-49.141,-26.90293],[-49.1408,-26.90363],[-49.14055,-26.90405],[-49.14005,-26.90422],[-49.13935,-26.90422],[-49.13906,-26.90446],[-49.13861,-26.90445],[-49.13831,-26.90459],[-49.137,-26.90449],[-49.13711,-26.90548],[-49.13799,-26.90621],[-49.13811,-26.90666],[-49.138,-26.9072],[-49.13749,-26.90708],[-49.13702,-26.90666],[-49.13277,-26.9046],[-49.13254,-26.90477],[-49.13214,-26.90466],[-49.13185,-26.90522],[-49.12987,-26.90437],[-49.12857,-26.9036],[-49.12772,-26.90282],[-49.12773,-26.90255],[-49.12786,-26.90246],[-49.12758,-26.90224],[-49.12641,-26.90282],[-49.12588,-26.90357],[-49.12448,-26.9028],[-49.12153,-26.90183],[-49.11986,-26.9031],[-49.11952,-26.90372],[-49.11945,-26.90414],[-49.11896,-26.90491],[-49.11754,-26.90471],[-49.11578,-26.90467],[-49.11523,-26.90426],[-49.1147,-26.90351],[-49.11382,-26.90395],[-49.11292,-26.90419],[-49.11232,-26.9046],[-49.11138,-26.9048],[-49.11059,-26.90539],[-49.10985,-26.90509],[-49.10965,-26.90473],[-49.10979,-26.90343],[-49.11042,-26.9024],[-49.11155,-26.90141],[-49.11215,-26.90109],[-49.11269,-26.90053],[-49.11291,-26.90025],[-49.11305,-26.89974],[-49.11386,-26.8987],[-49.11399,-26.89835],[-49.11459,-26.89813],[-49.11515,-26.89725],[-49.11559,-26.89722],[-49.11605,-26.89663],[-49.11667,-26.89643],[-49.11718,-26.89573],[-49.11839,-26.89627],[-49.11848,-26.89618],[-49.11858,-26.89531],[-49.11835,-26.89484],[-49.11841,-26.89429],[-49.11923,-26.89333],[-49.11963,-26.89245],[-49.11963,-26.89215],[-49.11895,-26.89123],[-49.11787,-26.89024],[-49.11779,-26.88985],[-49.11901,-26.88768],[-49.1194,-26.88722],[-49.11975,-26.88641],[-49.12173,-26.88781],[-49.12244,-26.88874],[-49.12326,-26.89046],[-49.1249,-26.89166],[-49.1256,-26.89181],[-49.1264,-26.89169],[-49.12863,-26.89097],[-49.13046,-26.89014],[-49.13248,-26.88978],[-49.13455,-26.88961],[-49.13489,-26.88965],[-49.13738,-26.89131],[-49.13883,-26.89201],[-49.13986,-26.89226],[-49.14203,-26.89242],[-49.14252,-26.89261],[-49.14292,-26.89417],[-49.14294,-26.89551],[-49.14274,-26.89642],[-49.1435,-26.89718],[-49.14375,-26.89774],[-49.14359,-26.89835],[-49.14313,-26.89885],[-49.14322,-26.89914]]]},"properties":{"BAIRROS":"SALTO WEISSBACH","CD_BAIRRO":"15"}},{"type":"Feature","geometry":{"type":"Polygon","coordinates":[[[-49.05941,-26.92029],[-49.05787,-26.92118],[-49.05677,-26.91985],[-49.05504,-26.91981],[-49.05424,-26.91967],[-49.05386,-26.91943],[-49.05385,-26.91915],[-49.0536,-26.91877],[-49.05372,-26.91834],[-49.05415,-26.91823],[-49.05526,-26.91825],[-49.05538,-26.91802],[-49.05583,-26.91853],[-49.05677,-26.9187],[-49.05707,-26.9185],[-49.05704,-26.91778],[-49.05654,-26.91725],[-49.05631,-26.91686],[-49.05626,-26.91635],[-49.0559,-26.91618],[-49.0558,-26.91587],[-49.05539,-26.91578],[-49.05481,-26.91589],[-49.05437,-26.9154],[-49.05368,-26.9154],[-49.0533,-26.91512],[-49.05335,-26.91487],[-49.05323,-26.91463],[-49.05185,-26.9141],[-49.05111,-26.91434],[-49.05104,-26.91465],[-49.05062,-26.91508],[-49.05065,-26.91569],[-49.05099,-26.91623],[-49.05061,-26.91652],[-49.05058,-26.91669],[-49.05071,-26.91701],[-49.05202,-26.91776],[-49.05206,-26.91795],[-49.05104,-26.91819],[-49.05109,-26.91885],[-49.05061,-26.91876],[-49.05032,-26.91924],[-49.05008,-26.91898],[-49.05014,-26.91884],[-49.04986,-26.9187],[-49.0496,-26.9187],[-49.04883,-26.9191],[-49.0484,-26.91999],[-49.048,-26.92017],[-49.04808,-26.92033],[-49.0479,-26.92066],[-49.04802,-26.92083],[-49.04776,-26.9211],[-49.04747,-26.92176],[-49.04735,-26.92093],[-49.04681,-26.92035],[-49.04641,-26.92071],[-49.04596,-26.92037],[-49.04557,-26.92046],[-49.04536,-26.92071],[-49.04503,-26.92041],[-49.04449,-26.92045],[-49.04389,-26.92023],[-49.04362,-26.92028],[-49.0435,-26.92],[-49.0431,-26.92029],[-49.0429,-26.91977],[-49.04275,-26.91969],[-49.04199,-26.91996],[-49.04203,-26.91975],[-49.0418,-26.91952],[-49.04062,-26.9192],[-49.03933,-26.91939],[-49.03838,-26.91932],[-49.0383,-26.91927],[-49.03925,-26.9189],[-49.03972,-26.91886],[-49.04046,-26.91854],[-49.04174,-26.91894],[-49.04221,-26.91877],[-49.04265,-26.91879],[-49.04397,-26.91927],[-49.04436,-26.91966],[-49.04548,-26.91946],[-49.04674,-26.91949],[-49.04678,-26.91935],[-49.0461,-26.91911],[-49.04564,-26.91878],[-49.04485,-26.91874],[-49.04442,-26.91857],[-49.04386,-26.91783],[-49.04583,-26.91763],[-49.04648,-26.91778],[-49.04788,-26.91782],[-49.04834,-26.9171],[-49.04763,-26.91647],[-49.04817,-26.91607],[-49.0482,-26.91553],[-49.04803,-26.91518],[-49.04738,-26.91497],[-49.04729,-26.91395],[-49.04751,-26.91343],[-49.04729,-26.91295],[-49.04677,-26.91277],[-49.04639,-26.91287],[-49.04581,-26.91329],[-49.04524,-26.91397],[-49.04489,-26.91411],[-49.04452,-26.91275],[-49.04373,-26.91255],[-49.04366,-26.91186],[-49.04303,-26.91143],[-49.04204,-26.90998],[-49.0418,-26.90992],[-49.04164,-26.91013],[-49.0416,-26.91061],[-49.04183,-26.91116],[-49.04092,-26.9106],[-49.0403,-26.90947],[-49.03991,-26.90901],[-49.03943,-26.9096],[-49.0393,-26.91007],[-49.03888,-26.90923],[-49.03893,-26.90806],[-49.0388,-26.90789],[-49.03833,-26.90789],[-49.03791,-26.90824],[-49.03705,-26.90811],[-49.03694,-26.90824],[-49.03704,-26.90871],[-49.03694,-26.90908],[-49.03592,-26.90951],[-49.03578,-26.90969],[-49.0358,-26.90999],[-49.03654,-26.91039],[-49.03669,-26.91062],[-49.0367,-26.91078],[-49.03615,-26.91136],[-49.03615,-26.91171],[-49.03651,-26.91223],[-49.0362,-26.9128],[-49.03592,-26.91284],[-49.03534,-26.91217],[-49.0351,-26.91205],[-49.03486,-26.91211],[-49.03462,-26.9126],[-49.03427,-26.91291],[-49.03413,-26.9135],[-49.03357,-26.91368],[-49.03309,-26.91407],[-49.03303,-26.91433],[-49.03319,-26.91483],[-49.03269,-26.91483],[-49.03254,-26.91502],[-49.03231,-26.91564],[-49.03243,-26.91589],[-49.03381,-26.91653],[-49.0344,-26.91651],[-49.03512,-26.91696],[-49.03526,-26.91728],[-49.03552,-26.9175],[-49.03482,-26.91787],[-49.03446,-26.91741],[-49.03416,-26.91734],[-49.0338,-26.91744],[-49.03374,-26.91788],[-49.03338,-26.9185],[-49.03344,-26.91923],[-49.03303,-26.91933],[-49.03305,-26.91764],[-49.03265,-26.91745],[-49.03246,-26.91687],[-49.03185,-26.91684],[-49.03152,-26.91695],[-49.03086,-26.91801],[-49.03048,-26.91763],[-49.02973,-26.91759],[-49.02985,-26.9174],[-49.03046,-26.91705],[-49.03067,-26.91654],[-49.03035,-26.91614],[-49.02956,-26.91606],[-49.02975,-26.91583],[-49.03079,-26.91541],[-49.03112,-26.91507],[-49.0311,-26.91472],[-49.03077,-26.91433],[-49.03077,-26.91403],[-49.03056,-26.91363],[-49.03051,-26.91301],[-49.03066,-26.91281],[-49.03143,-26.91245],[-49.03174,-26.91205],[-49.03173,-26.91167],[-49.03135,-26.91104],[-49.03169,-26.91017],[-49.0316,-26.90978],[-49.02991,-26.91023],[-49.02926,-26.9102],[-49.02814,-26.91063],[-49.02778,-26.91038],[-49.02727,-26.91043],[-49.02677,-26.91018],[-49.02633,-26.91019],[-49.02599,-26.91142],[-49.02609,-26.91205],[-49.02552,-26.91236],[-49.02542,-26.91294],[-49.02509,-26.91294],[-49.02467,-26.91336],[-49.02464,-26.91287],[-49.02431,-26.91237],[-49.02401,-26.91217],[-49.02327,-26.91207],[-49.02351,-26.91105],[-49.02292,-26.91011],[-49.02218,-26.91008],[-49.02188,-26.90945],[-49.02111,-26.90992],[-49.02054,-26.90972],[-49.01962,-26.90984],[-49.01963,-26.90908],[-49.01887,-26.90927],[-49.01841,-26.90846],[-49.01777,-26.90833],[-49.01753,-26.90846],[-49.01748,-26.90834],[-49.01706,-26.90837],[-49.01679,-26.90865],[-49.01727,-26.90877],[-49.01719,-26.90906],[-49.01735,-26.90935],[-49.01738,-26.91075],[-49.01784,-26.91149],[-49.01817,-26.91177],[-49.01827,-26.91272],[-49.01865,-26.91295],[-49.0179,-26.9129],[-49.01737,-26.91332],[-49.01726,-26.91278],[-49.01754,-26.91286],[-49.01782,-26.91274],[-49.01796,-26.91253],[-49.01792,-26.91229],[-49.01619,-26.91007],[-49.01578,-26.90999],[-49.0156,-26.90968],[-49.01489,-26.90944],[-49.01359,-26.90967],[-49.01371,-26.90896],[-49.01218,-26.90794],[-49.01155,-26.90801],[-49.01125,-26.90747],[-49.0107,-26.90745],[-49.01049,-26.90655],[-49.00972,-26.90615],[-49.01045,-26.90589],[-49.01133,-26.90524],[-49.01227,-26.9048],[-49.01226,-26.90407],[-49.01278,-26.90334],[-49.01309,-26.90326],[-49.01314,-26.90301],[-49.01313,-26.90252],[-49.01283,-26.90217],[-49.01284,-26.90196],[-49.01303,-26.90181],[-49.01327,-26.90189],[-49.01394,-26.90152],[-49.01402,-26.90112],[-49.01381,-26.90086],[-49.01385,-26.90074],[-49.01436,-26.90046],[-49.01499,-26.90049],[-49.01581,-26.90022],[-49.01641,-26.89943],[-49.01678,-26.90124],[-49.01696,-26.90359],[-49.01724,-26.90418],[-49.01811,-26.90529],[-49.01926,-26.90633],[-49.02085,-26.90708],[-49.0234,-26.90792],[-49.02581,-26.9083],[-49.02684,-26.90831],[-49.02865,-26.90806],[-49.02983,-26.90746],[-49.03135,-26.90586],[-49.03682,-26.89915],[-49.03759,-26.89848],[-49.04015,-26.89631],[-49.04161,-26.89574],[-49.04245,-26.89558],[-49.04316,-26.89571],[-49.04376,-26.896],[-49.04433,-26.89655],[-49.04501,-26.89811],[-49.04514,-26.89951],[-49.04482,-26.90346],[-49.04473,-26.90392],[-49.04354,-26.90642],[-49.04336,-26.90737],[-49.04343,-26.90796],[-49.04435,-26.90881],[-49.04505,-26.90921],[-49.04824,-26.9104],[-49.0535,-26.91168],[-49.05619,-26.91195],[-49.05677,-26.91213],[-49.05898,-26.91445],[-49.05939,-26.91521],[-49.05955,-26.9171],[-49.05931,-26.91988],[-49.05941,-26.92029]]]},"properties":{"BAIRROS":"VORSTADT","CD_BAIRRO":"1"}},{"type":"Feature","geometry":{"type":"Polygon","coordinates":[[[-49.09031,-26.87218],[-49.09053,-26.87252],[-49.09048,-26.8728],[-49.08967,-26.87345],[-49.08944,-26.87403],[-49.08951,-26.87509],[-49.08878,-26.8768],[-49.08889,-26.87744],[-49.08874,-26.87939],[-49.08793,-26.88133],[-49.08765,-26.8824],[-49.08535,-26.88621],[-49.08461,-26.88778],[-49.07649,-26.89714],[-49.07507,-26.89818],[-49.07367,-26.8985],[-49.07279,-26.89843],[-49.07188,-26.89826],[-49.07028,-26.89767],[-49.06333,-26.89492],[-49.06189,-26.89464],[-49.06069,-26.89461],[-49.06021,-26.89244],[-49.06045,-26.89227],[-49.06028,-26.8915],[-49.06041,-26.88989],[-49.06031,-26.88966],[-49.05955,-26.88942],[-49.05982,-26.88888],[-49.05998,-26.88767],[-49.06021,-26.88704],[-49.0609,-26.88691],[-49.06139,-26.88616],[-49.06254,-26.88571],[-49.06325,-26.88574],[-49.06381,-26.8861],[-49.06464,-26.88632],[-49.06483,-26.88662],[-49.06511,-26.88626],[-49.06563,-26.88596],[-49.06674,-26.88576],[-49.0673,-26.88531],[-49.0675,-26.88429],[-49.06812,-26.88316],[-49.06799,-26.88202],[-49.06882,-26.88164],[-49.06952,-26.8815],[-49.07236,-26.8814],[-49.07296,-26.88152],[-49.07366,-26.88064],[-49.07341,-26.87972],[-49.07363,-26.87882],[-49.07402,-26.87829],[-49.07445,-26.87824],[-49.07475,-26.87797],[-49.07498,-26.87758],[-49.07491,-26.87692],[-49.07549,-26.87635],[-49.07555,-26.87582],[-49.07571,-26.87554],[-49.07663,-26.87468],[-49.07716,-26.8738],[-49.07794,-26.87319],[-49.07778,-26.87055],[-49.07807,-26.87012],[-49.078,-26.86963],[-49.07862,-26.86957],[-49.07899,-26.86896],[-49.07938,-26.86868],[-49.07951,-26.8683],[-49.08003,-26.86862],[-49.08068,-26.86791],[-49.08153,-26.8675],[-49.08187,-26.86688],[-49.08216,-26.8666],[-49.08301,-26.86635],[-49.08334,-26.86605],[-49.08372,-26.86606],[-49.08413,-26.86575],[-49.08431,-26.86574],[-49.08439,-26.86583],[-49.08413,-26.8664],[-49.08407,-26.86689],[-49.08447,-26.86706],[-49.08499,-26.8668],[-49.08523,-26.86685],[-49.08538,-26.86776],[-49.08555,-26.86793],[-49.08584,-26.86776],[-49.08617,-26.86707],[-49.08633,-26.86697],[-49.08732,-26.86832],[-49.08756,-26.86823],[-49.08769,-26.8676],[-49.08813,-26.86766],[-49.08813,-26.86852],[-49.08864,-26.87082],[-49.08898,-26.87099],[-49.08952,-26.87087],[-49.08985,-26.87097],[-49.09004,-26.87125],[-49.09007,-26.87184],[-49.09031,-26.87218]]]},"properties":{"BAIRROS":"ITOUPAVA NORTE","CD_BAIRRO":"25"}},{"type":"Feature","geometry":{"type":"Polygon","coordinates":[[[-49.1433,-26.89693],[-49.14274,-26.89642],[-49.14294,-26.89551],[-49.14292,-26.89417],[-49.14252,-26.89261],[-49.14298,-26.89291],[-49.14377,-26.89394],[-49.14415,-26.89426],[-49.14479,-26.89561],[-49.14518,-26.89603],[-49.14566,-26.89653],[-49.1468,-26.89711],[-49.14936,-26.89707],[-49.15019,-26.8967],[-49.15134,-26.89593],[-49.15177,-26.89539],[-49.15254,-26.89569],[-49.15388,-26.89526],[-49.15443,-26.89555],[-49.15533,-26.89506],[-49.15621,-26.89519],[-49.15738,-26.895],[-49.1588,-26.89509],[-49.15924,-26.89485],[-49.1605,-26.89475],[-49.16212,-26.89441],[-49.16424,-26.8947],[-49.16536,-26.89568],[-49.16502,-26.89634],[-49.16389,-26.89686],[-49.16364,-26.89712],[-49.16459,-26.89886],[-49.1646,-26.8992],[-49.16435,-26.89907],[-49.16331,-26.89919],[-49.16279,-26.89944],[-49.1617,-26.89968],[-49.16079,-26.90016],[-49.15973,-26.90049],[-49.15951,-26.90066],[-49.1595,-26.90124],[-49.15881,-26.90186],[-49.15783,-26.90245],[-49.15822,-26.9039],[-49.15847,-26.90418],[-49.15889,-26.90431],[-49.15861,-26.90518],[-49.15915,-26.90568],[-49.1591,-26.90597],[-49.15865,-26.90637],[-49.15741,-26.90797],[-49.15738,-26.90854],[-49.15709,-26.90862],[-49.15666,-26.9082],[-49.1565,-26.9082],[-49.15609,-26.90868],[-49.15559,-26.90886],[-49.15562,-26.90901],[-49.15476,-26.90933],[-49.15436,-26.90981],[-49.15426,-26.91047],[-49.15444,-26.91097],[-49.15518,-26.91132],[-49.15565,-26.9117],[-49.15593,-26.91169],[-49.15653,-26.91107],[-49.1571,-26.90965],[-49.15742,-26.90941],[-49.15789,-26.90993],[-49.15869,-26.91008],[-49.15871,-26.91052],[-49.1585,-26.91121],[-49.159,-26.9123],[-49.15933,-26.91259],[-49.15999,-26.91272],[-49.16059,-26.91258],[-49.16092,-26.91235],[-49.16184,-26.91228],[-49.16235,-26.91208],[-49.1632,-26.91251],[-49.16421,-26.91228],[-49.16383,-26.91276],[-49.16327,-26.91319],[-49.1625,-26.91343],[-49.16192,-26.91377],[-49.16066,-26.91396],[-49.15997,-26.91443],[-49.16012,-26.91501],[-49.15996,-26.91579],[-49.16009,-26.91652],[-49.16188,-26.9168],[-49.16286,-26.91681],[-49.16345,-26.91709],[-49.16561,-26.917],[-49.16379,-26.91765],[-49.16346,-26.91798],[-49.16349,-26.9189],[-49.16282,-26.91939],[-49.16263,-26.91968],[-49.16258,-26.92117],[-49.162,-26.92237],[-49.16196,-26.92326],[-49.16211,-26.92378],[-49.16254,-26.92456],[-49.16264,-26.92517],[-49.163,-26.92607],[-49.16337,-26.92668],[-49.16333,-26.92726],[-49.1638,-26.92772],[-49.16363,-26.92786],[-49.1636,-26.92866],[-49.16296,-26.9292],[-49.16286,-26.92992],[-49.16264,-26.93026],[-49.1618,-26.93042],[-49.16177,-26.92934],[-49.16111,-26.92864],[-49.16024,-26.92858],[-49.15914,-26.92819],[-49.15852,-26.92777],[-49.15743,-26.92753],[-49.157,-26.92724],[-49.15645,-26.92729],[-49.15614,-26.92717],[-49.15611,-26.92628],[-49.15588,-26.92587],[-49.15487,-26.92555],[-49.1548,-26.92374],[-49.15469,-26.92353],[-49.15439,-26.92339],[-49.15482,-26.92243],[-49.15448,-26.9218],[-49.15462,-26.92126],[-49.15415,-26.92034],[-49.153,-26.92037],[-49.15174,-26.92069],[-49.15084,-26.92118],[-49.15077,-26.92155],[-49.15118,-26.92217],[-49.15183,-26.92273],[-49.15201,-26.92315],[-49.15288,-26.92368],[-49.15232,-26.9238],[-49.15161,-26.92424],[-49.1517,-26.92481],[-49.15135,-26.92542],[-49.15108,-26.9256],[-49.15033,-26.92566],[-49.14966,-26.92601],[-49.14932,-26.92671],[-49.14863,-26.92652],[-49.14791,-26.92661],[-49.14731,-26.92698],[-49.14675,-26.9271],[-49.14606,-26.92764],[-49.14514,-26.9278],[-49.14451,-26.9281],[-49.14382,-26.92893],[-49.1439,-26.92929],[-49.14377,-26.92949],[-49.14349,-26.92944],[-49.14261,-26.92885],[-49.14175,-26.92867],[-49.14052,-26.92865],[-49.13984,-26.9284],[-49.13871,-26.92741],[-49.13802,-26.92721],[-49.13791,-26.92653],[-49.13756,-26.92638],[-49.13738,-26.92609],[-49.13718,-26.92599],[-49.13801,-26.92521],[-49.13902,-26.92485],[-49.13966,-26.92479],[-49.13874,-26.92422],[-49.1374,-26.92294],[-49.13726,-26.92168],[-49.1391,-26.92049],[-49.14001,-26.92006],[-49.14015,-26.91972],[-49.13967,-26.91896],[-49.13854,-26.91622],[-49.1385,-26.9155],[-49.13825,-26.91462],[-49.13874,-26.91375],[-49.13863,-26.91319],[-49.13871,-26.9124],[-49.13809,-26.91236],[-49.13782,-26.91043],[-49.13872,-26.90892],[-49.13816,-26.90888],[-49.13822,-26.90771],[-49.138,-26.9072],[-49.13809,-26.90652],[-49.13791,-26.90608],[-49.13711,-26.90548],[-49.137,-26.90449],[-49.13831,-26.90459],[-49.13861,-26.90445],[-49.13906,-26.90446],[-49.13935,-26.90422],[-49.14005,-26.90422],[-49.14055,-26.90405],[-49.1408,-26.90363],[-49.141,-26.90293],[-49.14108,-26.90207],[-49.14217,-26.90215],[-49.14258,-26.90177],[-49.14295,-26.89991],[-49.14323,-26.8992],[-49.14313,-26.89885],[-49.14359,-26.89835],[-49.14375,-26.89774],[-49.1433,-26.89693]]]},"properties":{"BAIRROS":"PASSO MANSO","CD_BAIRRO":"14"}},{"type":"Feature","geometry":{"type":"Polygon","coordinates":[[[-49.07394,-26.89847],[-49.07369,-26.90116],[-49.07314,-26.90202],[-49.07303,-26.90236],[-49.07312,-26.90266],[-49.07226,-26.90244],[-49.07182,-26.9026],[-49.07175,-26.90327],[-49.07103,-26.9047],[-49.07111,-26.90543],[-49.0713,-26.90595],[-49.07107,-26.90817],[-49.07078,-26.90927],[-49.0704,-26.91025],[-49.07009,-26.9107],[-49.06995,-26.91157],[-49.06961,-26.9121],[-49.06929,-26.91219],[-49.06866,-26.91309],[-49.06796,-26.9133],[-49.0691,-26.90857],[-49.06909,-26.90713],[-49.06888,-26.90664],[-49.06838,-26.90579],[-49.06596,-26.90317],[-49.06243,-26.8999],[-49.05995,-26.89811],[-49.05953,-26.89734],[-49.05936,-26.8967],[-49.0594,-26.89546],[-49.05962,-26.89497],[-49.06102,-26.89454],[-49.06333,-26.89492],[-49.07188,-26.89826],[-49.07394,-26.89847]]]},"properties":{"BAIRROS":"BOA VISTA","CD_BAIRRO":"22"}},{"type":"Feature","geometry":{"type":"Polygon","coordinates":[[[-49.18666,-26.87644],[-49.18657,-26.87671],[-49.18617,-26.87685],[-49.18629,-26.87718],[-49.18594,-26.87749],[-49.18581,-26.87895],[-49.18519,-26.87976],[-49.18389,-26.87985],[-49.18367,-26.87971],[-49.18254,-26.87813],[-49.1811,-26.87731],[-49.18062,-26.8772],[-49.18013,-26.87731],[-49.17878,-26.87807],[-49.17589,-26.87917],[-49.16985,-26.88185],[-49.16827,-26.88229],[-49.16301,-26.88435],[-49.16024,-26.886],[-49.15915,-26.88681],[-49.15599,-26.89078],[-49.15255,-26.8943],[-49.15134,-26.89593],[-49.15019,-26.8967],[-49.14936,-26.89707],[-49.14666,-26.89704],[-49.14566,-26.89653],[-49.14479,-26.89561],[-49.14415,-26.89426],[-49.14377,-26.89394],[-49.14298,-26.89291],[-49.14258,-26.89263],[-49.14203,-26.89242],[-49.13986,-26.89226],[-49.13883,-26.89201],[-49.13738,-26.89131],[-49.13489,-26.88965],[-49.13248,-26.88978],[-49.13046,-26.89014],[-49.12863,-26.89097],[-49.1264,-26.89169],[-49.1256,-26.89181],[-49.1249,-26.89166],[-49.12326,-26.89046],[-49.12206,-26.88817],[-49.12173,-26.88781],[-49.12077,-26.88717],[-49.12125,-26.88654],[-49.12138,-26.88499],[-49.12051,-26.88354],[-49.12034,-26.88201],[-49.12048,-26.88153],[-49.11958,-26.88112],[-49.12029,-26.87979],[-49.11986,-26.87961],[-49.11987,-26.87927],[-49.12038,-26.87839],[-49.12036,-26.87775],[-49.12094,-26.87669],[-49.12097,-26.8764],[-49.12163,-26.87638],[-49.12399,-26.87229],[-49.12524,-26.87147],[-49.12602,-26.8714],[-49.12668,-26.87113],[-49.12835,-26.87016],[-49.12873,-26.86958],[-49.12891,-26.86892],[-49.12958,-26.86905],[-49.13097,-26.86906],[-49.1313,-26.86869],[-49.13153,-26.86811],[-49.13158,-26.86737],[-49.13182,-26.8667],[-49.13439,-26.86795],[-49.13578,-26.86838],[-49.13583,-26.86815],[-49.13675,-26.8672],[-49.13719,-26.86693],[-49.13918,-26.86674],[-49.14049,-26.86703],[-49.14099,-26.86734],[-49.14138,-26.8678],[-49.14285,-26.86849],[-49.14503,-26.87021],[-49.1462,-26.87022],[-49.14716,-26.87007],[-49.15009,-26.87119],[-49.15106,-26.87113],[-49.15211,-26.87222],[-49.15263,-26.87188],[-49.15311,-26.87192],[-49.15354,-26.87176],[-49.15485,-26.87224],[-49.15554,-26.87178],[-49.15631,-26.87073],[-49.15707,-26.87003],[-49.15835,-26.87033],[-49.15989,-26.87011],[-49.16226,-26.8702],[-49.16274,-26.87067],[-49.16329,-26.87078],[-49.16368,-26.87065],[-49.16473,-26.87065],[-49.1652,-26.87045],[-49.1655,-26.87008],[-49.16561,-26.87033],[-49.16587,-26.87041],[-49.16573,-26.87088],[-49.16613,-26.87161],[-49.16676,-26.87186],[-49.16746,-26.8719],[-49.16657,-26.87233],[-49.16639,-26.87263],[-49.16652,-26.87287],[-49.16764,-26.87315],[-49.16814,-26.87301],[-49.16932,-26.87299],[-49.16964,-26.87323],[-49.17002,-26.87326],[-49.16951,-26.87428],[-49.16709,-26.87535],[-49.16681,-26.87573],[-49.16662,-26.87574],[-49.16603,-26.87629],[-49.16591,-26.8767],[-49.16635,-26.87703],[-49.16689,-26.87689],[-49.16715,-26.87656],[-49.1672,-26.87671],[-49.16766,-26.8766],[-49.16834,-26.87686],[-49.16965,-26.87692],[-49.17021,-26.87682],[-49.17083,-26.87635],[-49.17106,-26.87633],[-49.1717,-26.87644],[-49.17201,-26.87632],[-49.17228,-26.87655],[-49.17304,-26.87642],[-49.17325,-26.87681],[-49.17363,-26.87689],[-49.17384,-26.87658],[-49.17451,-26.87614],[-49.1763,-26.87579],[-49.17657,-26.87527],[-49.17621,-26.87388],[-49.17578,-26.8728],[-49.17525,-26.8721],[-49.17476,-26.8708],[-49.17617,-26.87098],[-49.17672,-26.87128],[-49.17734,-26.87187],[-49.1778,-26.87209],[-49.17935,-26.87392],[-49.18042,-26.87422],[-49.18108,-26.87363],[-49.18177,-26.87388],[-49.18218,-26.87438],[-49.18262,-26.87437],[-49.18303,-26.87475],[-49.18331,-26.87484],[-49.18343,-26.87531],[-49.1839,-26.87563],[-49.1846,-26.87649],[-49.185,-26.87642],[-49.18577,-26.87577],[-49.18597,-26.87576],[-49.1863,-26.87584],[-49.18626,-26.87603],[-49.18664,-26.87619],[-49.18666,-26.87644]]]},"properties":{"BAIRROS":"BADENFURT","CD_BAIRRO":"31"}},{"type":"Feature","geometry":{"type":"Polygon","coordinates":[[[-49.04403,-26.89029],[-49.04638,-26.88989],[-49.04743,-26.88936],[-49.04757,-26.88943],[-49.04852,-26.89091],[-49.04838,-26.89118],[-49.04754,-26.89117],[-49.04718,-26.89136],[-49.04705,-26.8923],[-49.04708,-26.89264],[-49.04724,-26.89284],[-49.0476,-26.89291],[-49.04938,-26.89271],[-49.05021,-26.89355],[-49.0502,-26.89367],[-49.05094,-26.89372],[-49.05161,-26.89406],[-49.0538,-26.89562],[-49.05419,-26.89568],[-49.05542,-26.89543],[-49.05599,-26.89488],[-49.0574,-26.89441],[-49.05833,-26.89453],[-49.05946,-26.89534],[-49.05936,-26.8967],[-49.05953,-26.89734],[-49.05995,-26.89811],[-49.06296,-26.90035],[-49.06361,-26.90109],[-49.06596,-26.90317],[-49.06838,-26.90579],[-49.06909,-26.90713],[-49.0691,-26.90857],[-49.06894,-26.90956],[-49.06856,-26.91057],[-49.06819,-26.91244],[-49.06738,-26.91519],[-49.06697,-26.91615],[-49.0657,-26.91792],[-49.06479,-26.91876],[-49.06252,-26.92039],[-49.06154,-26.92091],[-49.06057,-26.92109],[-49.05999,-26.92097],[-49.05945,-26.92045],[-49.05931,-26.91988],[-49.05955,-26.9171],[-49.05939,-26.91521],[-49.05898,-26.91445],[-49.05677,-26.91213],[-49.05619,-26.91195],[-49.0535,-26.91168],[-49.04824,-26.9104],[-49.04505,-26.90921],[-49.04435,-26.90881],[-49.04343,-26.90796],[-49.04336,-26.90737],[-49.04354,-26.90642],[-49.04473,-26.90392],[-49.04482,-26.90346],[-49.04514,-26.89951],[-49.04501,-26.89811],[-49.04433,-26.89655],[-49.04376,-26.896],[-49.04316,-26.89571],[-49.04245,-26.89558],[-49.04161,-26.89574],[-49.04015,-26.89631],[-49.03759,-26.89848],[-49.03682,-26.89915],[-49.03135,-26.90586],[-49.02983,-26.90746],[-49.02865,-26.90806],[-49.02684,-26.90831],[-49.02581,-26.9083],[-49.0234,-26.90792],[-49.02179,-26.90741],[-49.01926,-26.90633],[-49.01811,-26.90529],[-49.01724,-26.90418],[-49.01696,-26.90359],[-49.01678,-26.90124],[-49.01641,-26.89943],[-49.01907,-26.89601],[-49.02606,-26.89099],[-49.02621,-26.89105],[-49.02629,-26.89139],[-49.02713,-26.89144],[-49.02746,-26.89116],[-49.02753,-26.89056],[-49.02791,-26.89074],[-49.02869,-26.89012],[-49.02929,-26.89006],[-49.02952,-26.8899],[-49.02968,-26.89006],[-49.02873,-26.89048],[-49.02837,-26.89109],[-49.02837,-26.89131],[-49.02861,-26.89162],[-49.02784,-26.89165],[-49.02739,-26.89236],[-49.02745,-26.89254],[-49.02773,-26.89259],[-49.02812,-26.89307],[-49.02758,-26.89325],[-49.02759,-26.89389],[-49.0268,-26.8937],[-49.02662,-26.89412],[-49.0267,-26.89425],[-49.0275,-26.89453],[-49.02741,-26.89462],[-49.0276,-26.89481],[-49.02756,-26.89555],[-49.02645,-26.89626],[-49.0262,-26.89704],[-49.02832,-26.89724],[-49.02833,-26.89749],[-49.02763,-26.8984],[-49.02798,-26.89845],[-49.02796,-26.89823],[-49.02839,-26.89852],[-49.0287,-26.89854],[-49.02902,-26.89839],[-49.0292,-26.89808],[-49.02913,-26.8968],[-49.03019,-26.8966],[-49.03016,-26.89752],[-49.0303,-26.89834],[-49.02984,-26.89897],[-49.0298,-26.89953],[-49.0302,-26.89986],[-49.03054,-26.89989],[-49.03092,-26.89987],[-49.03131,-26.89967],[-49.03157,-26.89933],[-49.03164,-26.89863],[-49.03219,-26.89842],[-49.03245,-26.8986],[-49.03288,-26.89926],[-49.03354,-26.89956],[-49.03382,-26.89944],[-49.03385,-26.89894],[-49.03443,-26.89797],[-49.03434,-26.8977],[-49.03406,-26.89753],[-49.03456,-26.8969],[-49.03445,-26.89633],[-49.03497,-26.89609],[-49.03513,-26.89558],[-49.03505,-26.89517],[-49.03446,-26.8944],[-49.03418,-26.89376],[-49.03456,-26.89404],[-49.03525,-26.89418],[-49.0361,-26.89462],[-49.03646,-26.89494],[-49.03645,-26.89554],[-49.03666,-26.89592],[-49.03773,-26.89602],[-49.03775,-26.89525],[-49.038,-26.89483],[-49.03801,-26.8944],[-49.03743,-26.89387],[-49.0373,-26.89345],[-49.03662,-26.89267],[-49.037,-26.89262],[-49.03753,-26.89279],[-49.03797,-26.89333],[-49.03828,-26.89349],[-49.03941,-26.89346],[-49.03968,-26.89409],[-49.04067,-26.89414],[-49.04168,-26.89352],[-49.04176,-26.89333],[-49.04157,-26.89299],[-49.04236,-26.89244],[-49.04244,-26.89207],[-49.04282,-26.89207],[-49.04323,-26.89183],[-49.04327,-26.89149],[-49.043,-26.89102],[-49.04345,-26.89032],[-49.04403,-26.89029]]]},"properties":{"BAIRROS":"PONTA AGUDA","CD_BAIRRO":"23"}},{"type":"Feature","geometry":{"type":"Polygon","coordinates":[[[-49.11975,-26.88641],[-49.1194,-26.88722],[-49.11918,-26.88743],[-49.1179,-26.88957],[-49.11701,-26.88991],[-49.1163,-26.89044],[-49.11489,-26.8907],[-49.11465,-26.89088],[-49.11416,-26.8917],[-49.1131,-26.89139],[-49.11223,-26.89184],[-49.11055,-26.89187],[-49.11101,-26.89098],[-49.11152,-26.89042],[-49.11171,-26.88994],[-49.11159,-26.88956],[-49.1106,-26.88911],[-49.11006,-26.88913],[-49.10513,-26.89028],[-49.10448,-26.88851],[-49.10296,-26.88722],[-49.10174,-26.888],[-49.09868,-26.88841],[-49.09763,-26.8878],[-49.09679,-26.88715],[-49.09652,-26.88745],[-49.09464,-26.88862],[-49.09443,-26.8899],[-49.09371,-26.89116],[-49.09356,-26.89231],[-49.09257,-26.89422],[-49.09204,-26.89493],[-49.09055,-26.89441],[-49.08841,-26.89344],[-49.08807,-26.89277],[-49.08816,-26.89234],[-49.08847,-26.89199],[-49.0883,-26.88962],[-49.08854,-26.88938],[-49.0886,-26.88883],[-49.09062,-26.88697],[-49.09074,-26.88663],[-49.09066,-26.88558],[-49.0908,-26.8853],[-49.09137,-26.88497],[-49.09201,-26.88437],[-49.09333,-26.88282],[-49.09396,-26.88238],[-49.09534,-26.88247],[-49.09557,-26.88203],[-49.09749,-26.88153],[-49.09891,-26.88188],[-49.09985,-26.88181],[-49.10369,-26.88063],[-49.10517,-26.87999],[-49.10648,-26.87917],[-49.10787,-26.87875],[-49.10827,-26.87875],[-49.1092,-26.87955],[-49.1094,-26.88024],[-49.10961,-26.88198],[-49.11002,-26.88264],[-49.11094,-26.88335],[-49.11385,-26.88452],[-49.11492,-26.88537],[-49.11568,-26.88556],[-49.11832,-26.88575],[-49.11975,-26.88641]]]},"properties":{"BAIRROS":"DO SALTO","CD_BAIRRO":"16"}},{"type":"Feature","geometry":{"type":"Polygon","coordinates":[[[-49.11964,-26.89229],[-49.11923,-26.89333],[-49.11841,-26.89429],[-49.11835,-26.89484],[-49.11858,-26.89531],[-49.11843,-26.89626],[-49.11718,-26.89573],[-49.11667,-26.89643],[-49.11605,-26.89663],[-49.11559,-26.89722],[-49.11515,-26.89725],[-49.11459,-26.89813],[-49.11399,-26.89835],[-49.11386,-26.8987],[-49.11305,-26.89974],[-49.11291,-26.90025],[-49.11269,-26.90053],[-49.11215,-26.90109],[-49.11155,-26.90141],[-49.11039,-26.90245],[-49.10979,-26.90343],[-49.10972,-26.90377],[-49.10965,-26.90473],[-49.10985,-26.90509],[-49.10951,-26.90578],[-49.1084,-26.90648],[-49.10821,-26.90775],[-49.10808,-26.90783],[-49.10787,-26.90763],[-49.1073,-26.90746],[-49.10669,-26.90776],[-49.10654,-26.90799],[-49.10633,-26.90918],[-49.1057,-26.90952],[-49.10453,-26.90905],[-49.1031,-26.90885],[-49.10252,-26.90849],[-49.10198,-26.90778],[-49.10038,-26.90738],[-49.09848,-26.9066],[-49.09734,-26.9059],[-49.09723,-26.90569],[-49.09735,-26.90534],[-49.09771,-26.90518],[-49.098,-26.90486],[-49.09803,-26.90414],[-49.09728,-26.9036],[-49.09726,-26.9029],[-49.09578,-26.9026],[-49.09417,-26.90189],[-49.0943,-26.9009],[-49.09428,-26.89857],[-49.09285,-26.89725],[-49.09228,-26.89689],[-49.09222,-26.89653],[-49.09176,-26.89581],[-49.09182,-26.89523],[-49.0925,-26.89435],[-49.09356,-26.89231],[-49.09371,-26.89116],[-49.09443,-26.8899],[-49.09464,-26.88862],[-49.09652,-26.88745],[-49.09679,-26.88715],[-49.09763,-26.8878],[-49.09868,-26.88841],[-49.10174,-26.888],[-49.10296,-26.88722],[-49.10448,-26.88851],[-49.10513,-26.89028],[-49.11006,-26.88913],[-49.11083,-26.88919],[-49.11159,-26.88956],[-49.11171,-26.88994],[-49.11152,-26.89042],[-49.11101,-26.89098],[-49.11055,-26.89187],[-49.11223,-26.89184],[-49.1131,-26.89139],[-49.11416,-26.8917],[-49.11465,-26.89088],[-49.11489,-26.8907],[-49.1163,-26.89044],[-49.11701,-26.88991],[-49.1179,-26.88957],[-49.11779,-26.88985],[-49.11787,-26.89024],[-49.11895,-26.89123],[-49.11964,-26.89229]]]},"properties":{"BAIRROS":"ESCOLA AGRICOLA","CD_BAIRRO":"17"}},{"type":"Feature","geometry":{"type":"Polygon","coordinates":[[[-49.14008,-26.91961],[-49.14015,-26.91972],[-49.14001,-26.92006],[-49.1391,-26.92049],[-49.13601,-26.92254],[-49.13536,-26.92271],[-49.1349,-26.92256],[-49.1328,-26.92099],[-49.1309,-26.91993],[-49.13052,-26.91955],[-49.13036,-26.91831],[-49.13044,-26.91752],[-49.13018,-26.91612],[-49.1298,-26.91528],[-49.12914,-26.91429],[-49.12872,-26.91456],[-49.12803,-26.91469],[-49.12687,-26.91418],[-49.12618,-26.91406],[-49.12565,-26.91373],[-49.12528,-26.91386],[-49.12484,-26.91476],[-49.12381,-26.91586],[-49.12333,-26.91592],[-49.12238,-26.91556],[-49.12143,-26.91565],[-49.12051,-26.91602],[-49.11975,-26.91553],[-49.11835,-26.91516],[-49.11789,-26.91436],[-49.11682,-26.91428],[-49.11635,-26.91399],[-49.11587,-26.91408],[-49.11228,-26.91249],[-49.11161,-26.91267],[-49.11124,-26.91327],[-49.11031,-26.91292],[-49.10953,-26.91298],[-49.109,-26.91254],[-49.10873,-26.9125],[-49.10815,-26.91319],[-49.10772,-26.91345],[-49.10675,-26.91366],[-49.10619,-26.91359],[-49.10551,-26.91469],[-49.10496,-26.91509],[-49.10415,-26.91528],[-49.10403,-26.91568],[-49.10302,-26.91603],[-49.10277,-26.91624],[-49.10139,-26.91541],[-49.10134,-26.91548],[-49.09719,-26.91373],[-49.0967,-26.91459],[-49.09657,-26.9146],[-49.096,-26.9139],[-49.09356,-26.91285],[-49.09292,-26.91393],[-49.09211,-26.91363],[-49.09143,-26.91357],[-49.09147,-26.91266],[-49.09189,-26.91122],[-49.09249,-26.91099],[-49.09294,-26.91038],[-49.093,-26.91003],[-49.09487,-26.90964],[-49.09528,-26.9089],[-49.09578,-26.9075],[-49.09709,-26.90522],[-49.09735,-26.90534],[-49.09723,-26.90569],[-49.09734,-26.9059],[-49.09831,-26.90652],[-49.10038,-26.90738],[-49.10197,-26.90778],[-49.10252,-26.90849],[-49.1031,-26.90885],[-49.10453,-26.90905],[-49.1057,-26.90952],[-49.10633,-26.90918],[-49.10654,-26.90799],[-49.10669,-26.90776],[-49.1073,-26.90746],[-49.10816,-26.90781],[-49.10835,-26.90728],[-49.10839,-26.90648],[-49.10951,-26.90578],[-49.10985,-26.90509],[-49.11059,-26.90539],[-49.11138,-26.9048],[-49.11232,-26.9046],[-49.11292,-26.90419],[-49.11381,-26.90395],[-49.1147,-26.90351],[-49.11523,-26.90425],[-49.11578,-26.90467],[-49.11754,-26.90471],[-49.11895,-26.90491],[-49.11945,-26.90414],[-49.11952,-26.90372],[-49.11986,-26.9031],[-49.12153,-26.90183],[-49.12448,-26.9028],[-49.12588,-26.90357],[-49.12641,-26.90282],[-49.12758,-26.90224],[-49.12786,-26.90246],[-49.12773,-26.90255],[-49.12772,-26.90282],[-49.12857,-26.9036],[-49.12987,-26.90437],[-49.13184,-26.90522],[-49.13214,-26.90466],[-49.13254,-26.90477],[-49.13277,-26.9046],[-49.13702,-26.90666],[-49.13749,-26.90708],[-49.138,-26.9072],[-49.13822,-26.90771],[-49.13816,-26.90888],[-49.13872,-26.90892],[-49.13782,-26.91043],[-49.13809,-26.91236],[-49.13871,-26.9124],[-49.13863,-26.91319],[-49.13874,-26.91375],[-49.13825,-26.91462],[-49.1385,-26.9155],[-49.13854,-26.91622],[-49.1388,-26.91696],[-49.13967,-26.91896],[-49.14008,-26.91961]]]},"properties":{"BAIRROS":"AGUA VERDE","CD_BAIRRO":"18"}},{"type":"Feature","geometry":{"type":"Polygon","coordinates":[[[-49.08813,-26.92646],[-49.08791,-26.92654],[-49.08709,-26.92633],[-49.08654,-26.92667],[-49.08614,-26.92644],[-49.08565,-26.92657],[-49.08544,-26.92675],[-49.08537,-26.92723],[-49.08577,-26.92791],[-49.08597,-26.92879],[-49.08659,-26.92937],[-49.08661,-26.93],[-49.08629,-26.93015],[-49.08612,-26.93134],[-49.08582,-26.93063],[-49.08574,-26.93009],[-49.08534,-26.92943],[-49.08481,-26.92912],[-49.08486,-26.92865],[-49.08447,-26.92809],[-49.08381,-26.92768],[-49.08364,-26.92773],[-49.08336,-26.92705],[-49.08264,-26.92649],[-49.08211,-26.9263],[-49.0813,-26.92645],[-49.08078,-26.92682],[-49.08055,-26.92716],[-49.08127,-26.92802],[-49.0816,-26.92877],[-49.08081,-26.92853],[-49.08011,-26.92855],[-49.07977,-26.92836],[-49.07912,-26.92841],[-49.07887,-26.92817],[-49.07847,-26.92815],[-49.0781,-26.92841],[-49.07822,-26.92897],[-49.07742,-26.92931],[-49.07716,-26.92915],[-49.07679,-26.92848],[-49.07641,-26.92814],[-49.07616,-26.92699],[-49.07599,-26.92682],[-49.07543,-26.92721],[-49.07484,-26.92738],[-49.07448,-26.92787],[-49.07395,-26.92794],[-49.07371,-26.92817],[-49.07389,-26.92873],[-49.07372,-26.92912],[-49.07437,-26.92985],[-49.07375,-26.93017],[-49.07363,-26.93049],[-49.07321,-26.93016],[-49.07288,-26.92953],[-49.07215,-26.92964],[-49.07184,-26.92891],[-49.07104,-26.92871],[-49.0708,-26.9292],[-49.07068,-26.93019],[-49.07005,-26.92991],[-49.06974,-26.93012],[-49.06969,-26.93054],[-49.07001,-26.93084],[-49.07013,-26.93192],[-49.0697,-26.93231],[-49.06878,-26.93044],[-49.06804,-26.92956],[-49.06783,-26.92907],[-49.06679,-26.92836],[-49.06645,-26.92787],[-49.06627,-26.92721],[-49.06446,-26.92382],[-49.06561,-26.9245],[-49.06691,-26.9241],[-49.06763,-26.92423],[-49.06871,-26.92271],[-49.06905,-26.92254],[-49.07095,-26.92267],[-49.07249,-26.9225],[-49.07455,-26.92296],[-49.07669,-26.92242],[-49.07934,-26.92298],[-49.07996,-26.92258],[-49.08065,-26.92145],[-49.08205,-26.92168],[-49.08274,-26.92206],[-49.08336,-26.92215],[-49.08419,-26.92317],[-49.08394,-26.92333],[-49.08378,-26.92367],[-49.08423,-26.92418],[-49.08403,-26.92454],[-49.08577,-26.92492],[-49.08667,-26.92458],[-49.08729,-26.92522],[-49.0884,-26.92591],[-49.08844,-26.92617],[-49.08813,-26.92646]]]},"properties":{"BAIRROS":"BOM RETIRO","CD_BAIRRO":"10"}},{"type":"Feature","geometry":{"type":"Polygon","coordinates":[[[-49.12891,-26.86892],[-49.12873,-26.86958],[-49.12835,-26.87016],[-49.12668,-26.87113],[-49.12602,-26.8714],[-49.12524,-26.87147],[-49.12408,-26.87219],[-49.12163,-26.87638],[-49.12097,-26.8764],[-49.12094,-26.87669],[-49.12036,-26.87775],[-49.12038,-26.87839],[-49.11991,-26.87914],[-49.11985,-26.8795],[-49.11986,-26.87961],[-49.12029,-26.87979],[-49.11958,-26.88112],[-49.12048,-26.88153],[-49.12034,-26.88201],[-49.12051,-26.88354],[-49.12138,-26.88499],[-49.12125,-26.88654],[-49.12077,-26.88717],[-49.11892,-26.88595],[-49.11832,-26.88575],[-49.11568,-26.88556],[-49.11492,-26.88537],[-49.11385,-26.88452],[-49.11094,-26.88335],[-49.11002,-26.88264],[-49.10977,-26.8823],[-49.10961,-26.88198],[-49.1094,-26.88024],[-49.1092,-26.87955],[-49.10827,-26.87875],[-49.10746,-26.87884],[-49.10648,-26.87917],[-49.10517,-26.87999],[-49.10369,-26.88063],[-49.09985,-26.88181],[-49.09891,-26.88188],[-49.09749,-26.88153],[-49.09727,-26.8812],[-49.09726,-26.87964],[-49.09742,-26.8781],[-49.09731,-26.87729],[-49.09681,-26.87648],[-49.09631,-26.87612],[-49.09494,-26.8757],[-49.09358,-26.87568],[-49.0918,-26.87648],[-49.0899,-26.87682],[-49.08889,-26.87744],[-49.08878,-26.8768],[-49.08951,-26.87509],[-49.08944,-26.87403],[-49.08967,-26.87345],[-49.09036,-26.87294],[-49.09053,-26.87266],[-49.09007,-26.87184],[-49.09004,-26.87125],[-49.08974,-26.8709],[-49.08898,-26.87099],[-49.08864,-26.87082],[-49.08813,-26.86852],[-49.08813,-26.86766],[-49.08769,-26.8676],[-49.08756,-26.86823],[-49.08732,-26.86832],[-49.08633,-26.86697],[-49.08617,-26.86707],[-49.08584,-26.86776],[-49.08555,-26.86793],[-49.08538,-26.86776],[-49.08523,-26.86685],[-49.08499,-26.8668],[-49.08447,-26.86706],[-49.08407,-26.86689],[-49.08413,-26.8664],[-49.08439,-26.86583],[-49.08431,-26.86574],[-49.08351,-26.86611],[-49.08317,-26.86595],[-49.08334,-26.86531],[-49.08314,-26.86465],[-49.08419,-26.86336],[-49.08423,-26.86284],[-49.08397,-26.8627],[-49.08359,-26.86276],[-49.08349,-26.86268],[-49.08361,-26.86215],[-49.08539,-26.8627],[-49.08722,-26.863],[-49.09438,-26.86224],[-49.09542,-26.86236],[-49.09632,-26.86273],[-49.09916,-26.86494],[-49.09949,-26.86474],[-49.1005,-26.86487],[-49.10168,-26.86486],[-49.10226,-26.86472],[-49.10421,-26.86493],[-49.10437,-26.86479],[-49.10426,-26.86368],[-49.10442,-26.86267],[-49.10518,-26.86221],[-49.10547,-26.86136],[-49.10771,-26.86133],[-49.10985,-26.86194],[-49.11043,-26.86233],[-49.11163,-26.86263],[-49.113,-26.86327],[-49.11461,-26.8636],[-49.11502,-26.86365],[-49.11588,-26.86344],[-49.11788,-26.8636],[-49.11902,-26.86375],[-49.12009,-26.86418],[-49.12229,-26.8642],[-49.12389,-26.86394],[-49.12408,-26.86478],[-49.12566,-26.86553],[-49.12631,-26.86622],[-49.12761,-26.86676],[-49.12808,-26.86719],[-49.12853,-26.86769],[-49.12889,-26.8684],[-49.12891,-26.86892]]]},"properties":{"BAIRROS":"SALTO DO NORTE","CD_BAIRRO":"30"}},{"type":"Feature","geometry":{"type":"Polygon","coordinates":[[[-49.06254,-26.88571],[-49.06139,-26.88616],[-49.0609,-26.88691],[-49.06021,-26.88704],[-49.05998,-26.88767],[-49.05982,-26.88888],[-49.05955,-26.88942],[-49.06031,-26.88966],[-49.06041,-26.88989],[-49.06028,-26.8915],[-49.06045,-26.89227],[-49.06021,-26.89244],[-49.06069,-26.89461],[-49.05962,-26.89497],[-49.05946,-26.89534],[-49.05833,-26.89453],[-49.0574,-26.89441],[-49.05599,-26.89488],[-49.05542,-26.89543],[-49.05401,-26.89566],[-49.0536,-26.8955],[-49.05161,-26.89406],[-49.05094,-26.89372],[-49.0502,-26.89367],[-49.05021,-26.89355],[-49.04938,-26.89271],[-49.0476,-26.89291],[-49.04724,-26.89284],[-49.04708,-26.89264],[-49.04705,-26.8923],[-49.04718,-26.89136],[-49.04754,-26.89117],[-49.04838,-26.89118],[-49.04852,-26.89091],[-49.04768,-26.88952],[-49.04743,-26.88936],[-49.04719,-26.88884],[-49.04685,-26.88855],[-49.04698,-26.88799],[-49.04656,-26.88774],[-49.04615,-26.88798],[-49.04543,-26.88812],[-49.04566,-26.88761],[-49.0454,-26.88721],[-49.04492,-26.88704],[-49.04485,-26.88672],[-49.04455,-26.88661],[-49.04399,-26.88661],[-49.04355,-26.88697],[-49.04278,-26.88696],[-49.04402,-26.88585],[-49.04365,-26.88573],[-49.04248,-26.88589],[-49.04234,-26.8858],[-49.04271,-26.8853],[-49.04238,-26.88484],[-49.04238,-26.8845],[-49.04311,-26.8844],[-49.04418,-26.88453],[-49.04481,-26.88435],[-49.04498,-26.88416],[-49.04488,-26.88353],[-49.04449,-26.88343],[-49.04398,-26.88364],[-49.04341,-26.88349],[-49.04389,-26.88288],[-49.04389,-26.88269],[-49.04332,-26.88282],[-49.0422,-26.88235],[-49.04119,-26.88278],[-49.0409,-26.88275],[-49.0409,-26.88264],[-49.04132,-26.88214],[-49.04136,-26.88198],[-49.04113,-26.88173],[-49.04138,-26.88143],[-49.04189,-26.88125],[-49.04295,-26.88112],[-49.04322,-26.88079],[-49.04263,-26.88015],[-49.04249,-26.8797],[-49.04169,-26.87958],[-49.04406,-26.87777],[-49.0449,-26.87842],[-49.04595,-26.87879],[-49.04721,-26.8796],[-49.04723,-26.88017],[-49.04687,-26.88059],[-49.04687,-26.88138],[-49.04692,-26.88179],[-49.04764,-26.88337],[-49.04762,-26.88357],[-49.04778,-26.88374],[-49.05048,-26.88456],[-49.05078,-26.88478],[-49.05103,-26.8855],[-49.05134,-26.88585],[-49.05188,-26.88582],[-49.05293,-26.88539],[-49.05465,-26.885],[-49.05555,-26.88493],[-49.057,-26.88538],[-49.05723,-26.8853],[-49.05827,-26.88407],[-49.05927,-26.8837],[-49.06003,-26.88367],[-49.06054,-26.88348],[-49.06222,-26.8849],[-49.06254,-26.88571]]]},"properties":{"BAIRROS":"NOVA ESPERANCA","CD_BAIRRO":"24"}},{"type":"Feature","geometry":{"type":"Polygon","coordinates":[[[-49.08278,-26.9127],[-49.08119,-26.91544],[-49.08075,-26.91525],[-49.07985,-26.91701],[-49.08037,-26.91721],[-49.08092,-26.9171],[-49.08107,-26.91732],[-49.08016,-26.91837],[-49.08015,-26.91864],[-49.08075,-26.91895],[-49.07976,-26.91902],[-49.07938,-26.91928],[-49.0792,-26.91956],[-49.07928,-26.9198],[-49.07898,-26.92063],[-49.07961,-26.92075],[-49.08022,-26.92104],[-49.08065,-26.92145],[-49.07996,-26.92258],[-49.07934,-26.92298],[-49.07669,-26.92242],[-49.07455,-26.92296],[-49.07249,-26.9225],[-49.07095,-26.92267],[-49.06905,-26.92254],[-49.06871,-26.92271],[-49.06763,-26.92423],[-49.06691,-26.9241],[-49.06561,-26.9245],[-49.06446,-26.92382],[-49.06285,-26.92452],[-49.05935,-26.92527],[-49.05877,-26.92447],[-49.05685,-26.92435],[-49.05661,-26.92403],[-49.0566,-26.92362],[-49.05615,-26.92392],[-49.05556,-26.92385],[-49.05487,-26.92401],[-49.05433,-26.92336],[-49.05411,-26.92332],[-49.05364,-26.92358],[-49.05206,-26.92378],[-49.05123,-26.92316],[-49.04987,-26.92259],[-49.05003,-26.92181],[-49.04996,-26.9212],[-49.05109,-26.92127],[-49.05131,-26.92118],[-49.05147,-26.9209],[-49.05202,-26.92125],[-49.05271,-26.92115],[-49.05281,-26.92095],[-49.0526,-26.92066],[-49.05265,-26.9202],[-49.05246,-26.92006],[-49.05272,-26.91981],[-49.05371,-26.91951],[-49.05382,-26.91937],[-49.05424,-26.91967],[-49.05504,-26.91981],[-49.05677,-26.91985],[-49.05787,-26.92118],[-49.05941,-26.92029],[-49.06011,-26.92103],[-49.06057,-26.92109],[-49.06154,-26.92091],[-49.06252,-26.92039],[-49.06416,-26.91924],[-49.0657,-26.91792],[-49.06697,-26.91615],[-49.06796,-26.9133],[-49.06911,-26.91295],[-49.06964,-26.91266],[-49.07055,-26.91386],[-49.07092,-26.91408],[-49.07113,-26.91409],[-49.07171,-26.91375],[-49.07236,-26.91419],[-49.07353,-26.9141],[-49.07427,-26.91379],[-49.07447,-26.91357],[-49.07478,-26.9129],[-49.07484,-26.91243],[-49.0751,-26.91206],[-49.07632,-26.91216],[-49.07681,-26.91201],[-49.077,-26.91163],[-49.07633,-26.9112],[-49.076,-26.91113],[-49.07597,-26.91081],[-49.07626,-26.91054],[-49.07696,-26.9104],[-49.0775,-26.90999],[-49.078,-26.90982],[-49.08032,-26.91024],[-49.08113,-26.91026],[-49.08164,-26.9105],[-49.08183,-26.91067],[-49.08196,-26.9114],[-49.08278,-26.9127]]]},"properties":{"BAIRROS":"CENTRO","CD_BAIRRO":"2"}},{"type":"Feature","geometry":{"type":"Polygon","coordinates":[[[-49.08369,-26.86273],[-49.08397,-26.8627],[-49.08426,-26.86292],[-49.08419,-26.86336],[-49.08314,-26.86465],[-49.08334,-26.86531],[-49.08314,-26.86586],[-49.08334,-26.86605],[-49.08328,-26.86617],[-49.08216,-26.8666],[-49.08187,-26.86688],[-49.08153,-26.8675],[-49.08068,-26.86791],[-49.08003,-26.86862],[-49.07951,-26.8683],[-49.07938,-26.86868],[-49.07899,-26.86896],[-49.07862,-26.86957],[-49.078,-26.86963],[-49.07807,-26.87012],[-49.07778,-26.87055],[-49.07794,-26.87319],[-49.07716,-26.8738],[-49.07663,-26.87468],[-49.07571,-26.87554],[-49.07555,-26.87582],[-49.07549,-26.87635],[-49.07491,-26.87692],[-49.07498,-26.87758],[-49.07475,-26.87797],[-49.07445,-26.87824],[-49.07402,-26.87829],[-49.07363,-26.87882],[-49.07341,-26.87972],[-49.07367,-26.88042],[-49.07364,-26.88071],[-49.07292,-26.88154],[-49.07254,-26.8814],[-49.06926,-26.88152],[-49.06799,-26.88202],[-49.06812,-26.88316],[-49.0675,-26.88429],[-49.0673,-26.88531],[-49.06674,-26.88576],[-49.06563,-26.88596],[-49.06511,-26.88626],[-49.06483,-26.88662],[-49.06464,-26.88632],[-49.06381,-26.8861],[-49.06325,-26.88574],[-49.06254,-26.88571],[-49.06222,-26.8849],[-49.06054,-26.88348],[-49.0611,-26.88313],[-49.06098,-26.88294],[-49.06109,-26.8827],[-49.06109,-26.88185],[-49.06135,-26.8812],[-49.0611,-26.88091],[-49.06156,-26.88049],[-49.06133,-26.88017],[-49.0616,-26.87984],[-49.06163,-26.87936],[-49.06136,-26.87506],[-49.0598,-26.87513],[-49.05978,-26.87389],[-49.05849,-26.87361],[-49.05793,-26.87366],[-49.05791,-26.87124],[-49.05651,-26.87136],[-49.05588,-26.87105],[-49.05572,-26.86762],[-49.05597,-26.86709],[-49.05584,-26.8655],[-49.05349,-26.8654],[-49.05375,-26.86453],[-49.05377,-26.86313],[-49.05247,-26.86206],[-49.05165,-26.86163],[-49.05408,-26.86034],[-49.05561,-26.85971],[-49.05731,-26.85931],[-49.0591,-26.85918],[-49.06081,-26.85931],[-49.06182,-26.85953],[-49.0679,-26.86151],[-49.06924,-26.86169],[-49.0707,-26.86134],[-49.07268,-26.8601],[-49.07351,-26.85981],[-49.07428,-26.85973],[-49.07798,-26.85988],[-49.07915,-26.86025],[-49.08132,-26.8614],[-49.0836,-26.86216],[-49.08349,-26.86268],[-49.08369,-26.86273]]]},"properties":{"BAIRROS":"FORTALEZA","CD_BAIRRO":"26"}},{"type":"Feature","geometry":{"type":"Polygon","coordinates":[[[-49.08793,-26.88133],[-49.08874,-26.87939],[-49.08889,-26.87744],[-49.0899,-26.87682],[-49.0918,-26.87648],[-49.09358,-26.87568],[-49.09398,-26.87565],[-49.09494,-26.8757],[-49.09631,-26.87612],[-49.0971,-26.87682],[-49.09731,-26.87729],[-49.09742,-26.8781],[-49.09723,-26.88076],[-49.09727,-26.8812],[-49.09749,-26.88153],[-49.09557,-26.88203],[-49.09534,-26.88247],[-49.09396,-26.88238],[-49.09333,-26.88282],[-49.09201,-26.88437],[-49.09137,-26.88497],[-49.0908,-26.8853],[-49.09066,-26.88558],[-49.09072,-26.8868],[-49.08956,-26.88802],[-49.08863,-26.88879],[-49.08854,-26.88938],[-49.0883,-26.88962],[-49.08849,-26.89177],[-49.08847,-26.89199],[-49.08816,-26.89234],[-49.08807,-26.89277],[-49.08825,-26.8932],[-49.08841,-26.89344],[-49.09055,-26.89441],[-49.09204,-26.89493],[-49.09176,-26.89537],[-49.09176,-26.89581],[-49.09222,-26.89653],[-49.09228,-26.89689],[-49.09302,-26.89744],[-49.09173,-26.89812],[-49.09046,-26.89902],[-49.08979,-26.89969],[-49.08746,-26.8978],[-49.08621,-26.89794],[-49.08544,-26.89818],[-49.08565,-26.89935],[-49.08543,-26.90055],[-49.08467,-26.90069],[-49.08392,-26.90111],[-49.08455,-26.90206],[-49.08411,-26.90258],[-49.08315,-26.90311],[-49.0827,-26.90448],[-49.08233,-26.90503],[-49.08158,-26.90575],[-49.08221,-26.90625],[-49.08177,-26.90683],[-49.0802,-26.90816],[-49.07675,-26.90544],[-49.0769,-26.90528],[-49.07616,-26.90493],[-49.07634,-26.90468],[-49.07523,-26.90423],[-49.07312,-26.90266],[-49.07303,-26.90236],[-49.07314,-26.90202],[-49.07369,-26.90116],[-49.07394,-26.89847],[-49.07507,-26.89818],[-49.07649,-26.89714],[-49.08461,-26.88778],[-49.08535,-26.88621],[-49.08765,-26.8824],[-49.08793,-26.88133]]]},"properties":{"BAIRROS":"ITOUPAVA SECA","CD_BAIRRO":"20"}},{"type":"Feature","geometry":{"type":"Polygon","coordinates":[[[-49.0898,-26.89968],[-49.09046,-26.89902],[-49.09173,-26.89812],[-49.09302,-26.89744],[-49.09428,-26.89857],[-49.0943,-26.9009],[-49.09417,-26.90189],[-49.09578,-26.9026],[-49.09726,-26.9029],[-49.09728,-26.9036],[-49.09803,-26.90414],[-49.098,-26.90486],[-49.0975,-26.90529],[-49.09709,-26.90522],[-49.09578,-26.9075],[-49.09528,-26.9089],[-49.09487,-26.90964],[-49.093,-26.91003],[-49.09294,-26.91038],[-49.09249,-26.91099],[-49.09189,-26.91122],[-49.09155,-26.91222],[-49.09144,-26.91375],[-49.09082,-26.91373],[-49.09011,-26.91312],[-49.08987,-26.91258],[-49.08927,-26.91224],[-49.08705,-26.91242],[-49.08622,-26.91218],[-49.08551,-26.91178],[-49.08537,-26.91158],[-49.0841,-26.91222],[-49.08357,-26.91318],[-49.08333,-26.91331],[-49.08313,-26.91325],[-49.08196,-26.9114],[-49.08171,-26.91055],[-49.08241,-26.90982],[-49.0802,-26.90816],[-49.08177,-26.90683],[-49.08221,-26.90625],[-49.08158,-26.90575],[-49.08233,-26.90503],[-49.0827,-26.90448],[-49.08315,-26.90311],[-49.08411,-26.90258],[-49.08455,-26.90206],[-49.08392,-26.90111],[-49.08467,-26.90069],[-49.08543,-26.90055],[-49.08565,-26.89935],[-49.08544,-26.89818],[-49.08621,-26.89794],[-49.08746,-26.8978],[-49.0898,-26.89968]]]},"properties":{"BAIRROS":"VILA NOVA","CD_BAIRRO":"19"}},{"type":"Feature","geometry":{"type":"Polygon","coordinates":[[[-49.1361,-26.8539],[-49.13588,-26.85463],[-49.13594,-26.85493],[-49.13549,-26.85598],[-49.13559,-26.85658],[-49.1355,-26.85713],[-49.1344,-26.85786],[-49.13166,-26.85791],[-49.13167,-26.86002],[-49.13119,-26.86118],[-49.1317,-26.86303],[-49.13171,-26.86397],[-49.13209,-26.86517],[-49.13173,-26.86578],[-49.13182,-26.8667],[-49.13158,-26.86737],[-49.13153,-26.86811],[-49.1313,-26.86869],[-49.13085,-26.86911],[-49.12891,-26.86892],[-49.12889,-26.8684],[-49.12853,-26.86769],[-49.12808,-26.86719],[-49.12761,-26.86676],[-49.12631,-26.86622],[-49.12566,-26.86553],[-49.12408,-26.86478],[-49.12389,-26.86394],[-49.12229,-26.8642],[-49.12009,-26.86418],[-49.11902,-26.86375],[-49.11788,-26.8636],[-49.11588,-26.86344],[-49.11502,-26.86365],[-49.11461,-26.8636],[-49.113,-26.86327],[-49.11163,-26.86263],[-49.11043,-26.86233],[-49.10985,-26.86194],[-49.10771,-26.86133],[-49.10547,-26.86136],[-49.10518,-26.86221],[-49.10442,-26.86267],[-49.10426,-26.86368],[-49.10437,-26.86479],[-49.10393,-26.86497],[-49.10226,-26.86472],[-49.10168,-26.86486],[-49.1005,-26.86487],[-49.09949,-26.86474],[-49.09916,-26.86494],[-49.09657,-26.86288],[-49.09588,-26.86252],[-49.09506,-26.86228],[-49.094,-26.86225],[-49.08791,-26.86299],[-49.08673,-26.86297],[-49.08539,-26.8627],[-49.08361,-26.86215],[-49.08359,-26.86178],[-49.0832,-26.86127],[-49.08347,-26.86065],[-49.08382,-26.86051],[-49.08406,-26.86057],[-49.08441,-26.86104],[-49.08464,-26.86104],[-49.08487,-26.86072],[-49.0847,-26.86037],[-49.08428,-26.85997],[-49.08281,-26.85917],[-49.08286,-26.8587],[-49.08233,-26.85768],[-49.08258,-26.85761],[-49.08362,-26.8582],[-49.08374,-26.85756],[-49.08347,-26.85703],[-49.08329,-26.85682],[-49.0829,-26.85678],[-49.08235,-26.85699],[-49.08225,-26.85681],[-49.08293,-26.85537],[-49.08252,-26.85506],[-49.08264,-26.85492],[-49.08339,-26.85479],[-49.0841,-26.8556],[-49.08453,-26.85515],[-49.08399,-26.85464],[-49.08393,-26.85434],[-49.08449,-26.85366],[-49.08543,-26.85146],[-49.08627,-26.85068],[-49.08689,-26.85044],[-49.08705,-26.84934],[-49.08728,-26.84875],[-49.08779,-26.84806],[-49.0877,-26.8472],[-49.08792,-26.84682],[-49.08789,-26.84615],[-49.08851,-26.84505],[-49.08888,-26.84474],[-49.08907,-26.84421],[-49.08937,-26.84408],[-49.09078,-26.84278],[-49.09086,-26.84247],[-49.09175,-26.84251],[-49.09288,-26.84287],[-49.09333,-26.84278],[-49.09449,-26.84378],[-49.09544,-26.8442],[-49.09692,-26.84363],[-49.0992,-26.84343],[-49.10064,-26.84305],[-49.10241,-26.84299],[-49.1033,-26.84197],[-49.10494,-26.84169],[-49.10529,-26.84148],[-49.1058,-26.84078],[-49.10593,-26.83974],[-49.10718,-26.839],[-49.10801,-26.83774],[-49.10856,-26.83744],[-49.10956,-26.83716],[-49.1106,-26.83606],[-49.11103,-26.83575],[-49.11205,-26.83532],[-49.11359,-26.83528],[-49.1134,-26.83562],[-49.11349,-26.83581],[-49.11402,-26.83601],[-49.11419,-26.83621],[-49.11468,-26.83598],[-49.11483,-26.83617],[-49.11525,-26.83623],[-49.11582,-26.83681],[-49.11675,-26.83736],[-49.11771,-26.83754],[-49.11803,-26.83746],[-49.11819,-26.83719],[-49.11865,-26.83788],[-49.11961,-26.83843],[-49.12024,-26.83919],[-49.12101,-26.83887],[-49.12151,-26.83845],[-49.12191,-26.83921],[-49.12323,-26.841],[-49.12347,-26.84165],[-49.12385,-26.84201],[-49.12361,-26.8423],[-49.12273,-26.84265],[-49.12283,-26.8431],[-49.12313,-26.84338],[-49.12354,-26.84326],[-49.12425,-26.84264],[-49.12457,-26.84254],[-49.12581,-26.84277],[-49.12752,-26.84337],[-49.12793,-26.84338],[-49.1287,-26.84302],[-49.12902,-26.84263],[-49.12948,-26.84241],[-49.12942,-26.8419],[-49.12987,-26.84205],[-49.13048,-26.84199],[-49.13019,-26.8423],[-49.13025,-26.8424],[-49.12995,-26.84292],[-49.13002,-26.84355],[-49.12996,-26.8433],[-49.1295,-26.84298],[-49.12867,-26.84357],[-49.12835,-26.84403],[-49.12697,-26.84468],[-49.12629,-26.84578],[-49.12621,-26.84656],[-49.12664,-26.84696],[-49.12675,-26.84751],[-49.12737,-26.84865],[-49.12854,-26.84942],[-49.12937,-26.84977],[-49.12993,-26.85022],[-49.13013,-26.85051],[-49.12974,-26.8509],[-49.12988,-26.85103],[-49.13031,-26.85094],[-49.13079,-26.85024],[-49.13137,-26.84985],[-49.13236,-26.84967],[-49.13255,-26.84924],[-49.13343,-26.84936],[-49.13408,-26.84929],[-49.13436,-26.8492],[-49.13465,-26.8489],[-49.13467,-26.85018],[-49.13516,-26.85079],[-49.13487,-26.85079],[-49.13486,-26.85098],[-49.13507,-26.85106],[-49.13523,-26.85091],[-49.1357,-26.85132],[-49.13597,-26.85128],[-49.1361,-26.8539]]]},"properties":{"BAIRROS":"ITOUPAVAZINHA","CD_BAIRRO":"33"}},{"type":"Feature","geometry":{"type":"Polygon","coordinates":[[[-49.17336,-26.83452],[-49.17369,-26.83406],[-49.17389,-26.83413],[-49.17422,-26.83465],[-49.17422,-26.83417],[-49.17472,-26.8342],[-49.1753,-26.83454],[-49.17576,-26.83514],[-49.17639,-26.83473],[-49.1765,-26.83507],[-49.17713,-26.8353],[-49.17717,-26.83573],[-49.17751,-26.83568],[-49.17774,-26.83546],[-49.17789,-26.83576],[-49.17838,-26.83567],[-49.17867,-26.83541],[-49.18034,-26.83502],[-49.1814,-26.83514],[-49.18187,-26.83539],[-49.18271,-26.83536],[-49.183,-26.8348],[-49.18422,-26.83429],[-49.18471,-26.83476],[-49.18453,-26.83507],[-49.18488,-26.83563],[-49.1848,-26.83604],[-49.18465,-26.83613],[-49.18471,-26.83629],[-49.18499,-26.83652],[-49.18639,-26.83704],[-49.18593,-26.83701],[-49.18527,-26.83737],[-49.18537,-26.83717],[-49.18523,-26.83698],[-49.18421,-26.83654],[-49.18438,-26.83631],[-49.18422,-26.83569],[-49.18391,-26.83533],[-49.18362,-26.83526],[-49.18289,-26.83621],[-49.18306,-26.83711],[-49.18354,-26.83727],[-49.18324,-26.83741],[-49.18218,-26.83694],[-49.18145,-26.83707],[-49.18086,-26.83732],[-49.18065,-26.8376],[-49.18038,-26.83732],[-49.18006,-26.8373],[-49.17989,-26.83709],[-49.1781,-26.83745],[-49.17766,-26.83725],[-49.1775,-26.83731],[-49.17737,-26.83771],[-49.17781,-26.8381],[-49.17901,-26.83834],[-49.17987,-26.83895],[-49.18062,-26.83901],[-49.18103,-26.83882],[-49.18149,-26.83916],[-49.18193,-26.83915],[-49.18138,-26.83998],[-49.18165,-26.84086],[-49.18136,-26.84102],[-49.18008,-26.8402],[-49.17938,-26.84056],[-49.17863,-26.84066],[-49.17815,-26.84108],[-49.17807,-26.8413],[-49.17816,-26.84232],[-49.17726,-26.84201],[-49.17646,-26.84206],[-49.17587,-26.8426],[-49.17566,-26.84373],[-49.17539,-26.84361],[-49.17478,-26.84363],[-49.17466,-26.84385],[-49.17473,-26.84425],[-49.17448,-26.8446],[-49.17391,-26.84482],[-49.17299,-26.84457],[-49.17262,-26.84496],[-49.17145,-26.84561],[-49.17086,-26.84621],[-49.16948,-26.84624],[-49.16947,-26.84636],[-49.16991,-26.84684],[-49.16921,-26.84717],[-49.16883,-26.84761],[-49.16926,-26.84785],[-49.16972,-26.84789],[-49.16976,-26.84807],[-49.1692,-26.84827],[-49.1689,-26.84876],[-49.16862,-26.84893],[-49.16844,-26.8493],[-49.16808,-26.84954],[-49.16801,-26.84987],[-49.16736,-26.8501],[-49.16739,-26.85079],[-49.1672,-26.85159],[-49.16739,-26.85203],[-49.16677,-26.85197],[-49.16635,-26.8525],[-49.16632,-26.85354],[-49.16651,-26.85385],[-49.16675,-26.85398],[-49.16736,-26.85389],[-49.16825,-26.85314],[-49.16878,-26.85309],[-49.16962,-26.85335],[-49.17129,-26.85433],[-49.17169,-26.85423],[-49.1721,-26.85436],[-49.17316,-26.85419],[-49.17355,-26.85428],[-49.17406,-26.85475],[-49.17401,-26.85521],[-49.17421,-26.8556],[-49.17418,-26.85593],[-49.17437,-26.85603],[-49.17786,-26.85568],[-49.17807,-26.85534],[-49.17847,-26.85535],[-49.17877,-26.85512],[-49.17933,-26.85514],[-49.1794,-26.85501],[-49.17929,-26.85465],[-49.17958,-26.85458],[-49.17954,-26.85487],[-49.17974,-26.85501],[-49.1808,-26.85512],[-49.18127,-26.85502],[-49.18212,-26.85539],[-49.18257,-26.85516],[-49.18293,-26.85467],[-49.18298,-26.8544],[-49.18333,-26.85475],[-49.18505,-26.85455],[-49.18542,-26.85505],[-49.18579,-26.85495],[-49.18629,-26.85457],[-49.18642,-26.85389],[-49.18657,-26.85402],[-49.18659,-26.85426],[-49.18671,-26.85427],[-49.18668,-26.85397],[-49.18761,-26.85375],[-49.18779,-26.85345],[-49.18794,-26.85398],[-49.1886,-26.85414],[-49.18903,-26.85387],[-49.18894,-26.85337],[-49.18899,-26.85344],[-49.18907,-26.85333],[-49.18899,-26.85325],[-49.18957,-26.85341],[-49.18914,-26.85349],[-49.18918,-26.85383],[-49.18944,-26.85402],[-49.18923,-26.85415],[-49.18923,-26.85445],[-49.18894,-26.85443],[-49.18891,-26.85454],[-49.18897,-26.85468],[-49.18948,-26.85473],[-49.18946,-26.85488],[-49.18872,-26.85501],[-49.18854,-26.85557],[-49.18829,-26.85558],[-49.18825,-26.85578],[-49.18798,-26.85597],[-49.18768,-26.8558],[-49.18747,-26.85589],[-49.18772,-26.85655],[-49.18755,-26.85705],[-49.18701,-26.85722],[-49.18667,-26.85714],[-49.18643,-26.85731],[-49.18632,-26.85781],[-49.18664,-26.85795],[-49.18611,-26.8582],[-49.1859,-26.85864],[-49.1856,-26.85838],[-49.18489,-26.85823],[-49.18437,-26.85831],[-49.1841,-26.8586],[-49.1838,-26.8584],[-49.1838,-26.85813],[-49.18364,-26.85799],[-49.18312,-26.85803],[-49.183,-26.85834],[-49.18305,-26.85856],[-49.18289,-26.8588],[-49.18281,-26.85972],[-49.18261,-26.85962],[-49.18228,-26.85978],[-49.1809,-26.86079],[-49.18158,-26.86087],[-49.18193,-26.86138],[-49.18141,-26.86154],[-49.18029,-26.86248],[-49.17994,-26.86296],[-49.17981,-26.86363],[-49.17929,-26.86377],[-49.17828,-26.86446],[-49.17766,-26.86447],[-49.17698,-26.8647],[-49.1764,-26.86538],[-49.17522,-26.86577],[-49.17479,-26.86606],[-49.17373,-26.8661],[-49.17357,-26.86639],[-49.17364,-26.86659],[-49.17328,-26.86659],[-49.17338,-26.86699],[-49.17311,-26.86714],[-49.17282,-26.86717],[-49.17248,-26.86695],[-49.17224,-26.86705],[-49.17201,-26.86744],[-49.17102,-26.86715],[-49.1708,-26.86738],[-49.17031,-26.86716],[-49.17016,-26.86746],[-49.16975,-26.8672],[-49.16958,-26.86726],[-49.1695,-26.86752],[-49.16888,-26.86745],[-49.16877,-26.86778],[-49.16902,-26.8684],[-49.16726,-26.86952],[-49.16694,-26.86946],[-49.16651,-26.86906],[-49.16663,-26.86844],[-49.16633,-26.86827],[-49.1658,-26.86845],[-49.16577,-26.86811],[-49.1655,-26.86786],[-49.16527,-26.86785],[-49.16506,-26.8681],[-49.16422,-26.86794],[-49.16374,-26.86814],[-49.16327,-26.86769],[-49.16269,-26.86762],[-49.16258,-26.86773],[-49.16259,-26.86813],[-49.16285,-26.86829],[-49.1629,-26.86847],[-49.16234,-26.86909],[-49.16254,-26.86961],[-49.16232,-26.86979],[-49.16226,-26.8702],[-49.15989,-26.87011],[-49.15835,-26.87033],[-49.15707,-26.87003],[-49.15631,-26.87073],[-49.15554,-26.87178],[-49.15471,-26.87226],[-49.15425,-26.87196],[-49.15354,-26.87176],[-49.15311,-26.87192],[-49.15263,-26.87188],[-49.15211,-26.87222],[-49.15106,-26.87113],[-49.15009,-26.87119],[-49.14716,-26.87007],[-49.1462,-26.87022],[-49.14503,-26.87021],[-49.14285,-26.86849],[-49.14138,-26.8678],[-49.14099,-26.86734],[-49.14049,-26.86703],[-49.13918,-26.86674],[-49.13719,-26.86693],[-49.13675,-26.8672],[-49.13583,-26.86815],[-49.13578,-26.86838],[-49.13439,-26.86795],[-49.13218,-26.86693],[-49.13176,-26.86663],[-49.13173,-26.86578],[-49.13208,-26.86503],[-49.13171,-26.86397],[-49.1317,-26.86303],[-49.13119,-26.86118],[-49.13167,-26.86002],[-49.13166,-26.85791],[-49.1344,-26.85786],[-49.1355,-26.85713],[-49.13559,-26.85658],[-49.13549,-26.85598],[-49.13594,-26.85493],[-49.13588,-26.85463],[-49.13608,-26.85412],[-49.13597,-26.85128],[-49.13612,-26.85114],[-49.13627,-26.85119],[-49.13654,-26.85087],[-49.13653,-26.8504],[-49.13686,-26.84981],[-49.13722,-26.84976],[-49.13798,-26.85007],[-49.13866,-26.84979],[-49.13862,-26.84889],[-49.13909,-26.84859],[-49.13905,-26.84831],[-49.13837,-26.84773],[-49.13854,-26.84721],[-49.13832,-26.84689],[-49.13874,-26.84676],[-49.13877,-26.84651],[-49.13937,-26.84613],[-49.13933,-26.84521],[-49.13896,-26.84507],[-49.13884,-26.84485],[-49.13863,-26.84487],[-49.13883,-26.84386],[-49.13871,-26.84352],[-49.13904,-26.84348],[-49.13912,-26.84318],[-49.13866,-26.84293],[-49.1389,-26.84271],[-49.13879,-26.84153],[-49.13849,-26.84123],[-49.13812,-26.84115],[-49.13803,-26.84094],[-49.13862,-26.84089],[-49.13873,-26.84054],[-49.13861,-26.84014],[-49.13846,-26.83992],[-49.13791,-26.83962],[-49.13814,-26.8391],[-49.13857,-26.83899],[-49.13877,-26.83865],[-49.13875,-26.83854],[-49.13782,-26.83805],[-49.13806,-26.83735],[-49.13826,-26.83725],[-49.13886,-26.83617],[-49.13851,-26.83593],[-49.13765,-26.83631],[-49.13792,-26.83573],[-49.13837,-26.83536],[-49.13887,-26.83425],[-49.16377,-26.83819],[-49.1639,-26.83788],[-49.16386,-26.83737],[-49.16358,-26.83703],[-49.16363,-26.83689],[-49.16416,-26.83661],[-49.16444,-26.83671],[-49.16444,-26.8363],[-49.16503,-26.83601],[-49.16557,-26.83539],[-49.16593,-26.83543],[-49.16586,-26.83497],[-49.16595,-26.83492],[-49.16606,-26.83489],[-49.1667,-26.83536],[-49.16675,-26.83559],[-49.1665,-26.83584],[-49.16716,-26.83596],[-49.16748,-26.83589],[-49.16759,-26.83637],[-49.16784,-26.8362],[-49.16773,-26.83563],[-49.16787,-26.83554],[-49.1679,-26.83513],[-49.16803,-26.83505],[-49.16899,-26.83493],[-49.1698,-26.83501],[-49.17044,-26.83466],[-49.17102,-26.83462],[-49.17156,-26.83481],[-49.17174,-26.83473],[-49.17216,-26.83408],[-49.17291,-26.83451],[-49.17336,-26.83452]]]},"properties":{"BAIRROS":"TESTO SALTO","CD_BAIRRO":"32"}},{"type":"Feature","geometry":{"type":"Polygon","coordinates":[[[-49.08657,-26.85059],[-49.08627,-26.85068],[-49.08543,-26.85146],[-49.08449,-26.85366],[-49.08393,-26.85434],[-49.08399,-26.85464],[-49.08453,-26.85515],[-49.08419,-26.8556],[-49.08339,-26.85479],[-49.08279,-26.85485],[-49.08252,-26.85506],[-49.08293,-26.85537],[-49.08226,-26.85692],[-49.08248,-26.85699],[-49.0828,-26.8568],[-49.08329,-26.85682],[-49.08374,-26.85756],[-49.08362,-26.8582],[-49.08258,-26.85761],[-49.08236,-26.85762],[-49.08233,-26.85781],[-49.08286,-26.8587],[-49.08281,-26.85917],[-49.08428,-26.85997],[-49.0847,-26.86037],[-49.08487,-26.86072],[-49.08464,-26.86104],[-49.08441,-26.86104],[-49.08406,-26.86057],[-49.08382,-26.86051],[-49.08347,-26.86065],[-49.0832,-26.86127],[-49.08359,-26.86178],[-49.0836,-26.86216],[-49.08132,-26.8614],[-49.07915,-26.86025],[-49.07816,-26.85991],[-49.07428,-26.85973],[-49.073,-26.85997],[-49.07426,-26.85839],[-49.07416,-26.8575],[-49.07444,-26.85615],[-49.0743,-26.85556],[-49.07384,-26.85475],[-49.07329,-26.85435],[-49.07286,-26.85382],[-49.07225,-26.85356],[-49.06962,-26.85304],[-49.06875,-26.85261],[-49.06809,-26.85249],[-49.0672,-26.8528],[-49.0672,-26.85405],[-49.06706,-26.85418],[-49.06217,-26.85395],[-49.06059,-26.854],[-49.06059,-26.85345],[-49.0602,-26.85314],[-49.05925,-26.85294],[-49.05855,-26.85243],[-49.05758,-26.85215],[-49.05699,-26.85176],[-49.05679,-26.85121],[-49.05683,-26.85061],[-49.05763,-26.85008],[-49.05782,-26.8496],[-49.05852,-26.84929],[-49.05867,-26.84897],[-49.05865,-26.84804],[-49.05965,-26.84768],[-49.06118,-26.84737],[-49.06274,-26.84731],[-49.0631,-26.84677],[-49.06367,-26.84628],[-49.06349,-26.84589],[-49.06363,-26.84536],[-49.06317,-26.845],[-49.06186,-26.84478],[-49.06078,-26.84485],[-49.06013,-26.84518],[-49.05788,-26.84561],[-49.0551,-26.8459],[-49.05457,-26.84557],[-49.05396,-26.8455],[-49.05261,-26.84461],[-49.05215,-26.84302],[-49.05173,-26.84261],[-49.05167,-26.84209],[-49.05102,-26.84138],[-49.05086,-26.84096],[-49.05084,-26.84004],[-49.05016,-26.83852],[-49.04987,-26.83709],[-49.05034,-26.83665],[-49.05078,-26.83594],[-49.05133,-26.83578],[-49.05147,-26.83415],[-49.05177,-26.83421],[-49.05205,-26.83394],[-49.05242,-26.83394],[-49.05271,-26.8343],[-49.05299,-26.83433],[-49.05413,-26.83399],[-49.05459,-26.83371],[-49.05457,-26.83331],[-49.05408,-26.83291],[-49.05427,-26.83218],[-49.05411,-26.83148],[-49.05385,-26.83115],[-49.05333,-26.83091],[-49.05326,-26.83063],[-49.05295,-26.83073],[-49.0524,-26.8302],[-49.05158,-26.8307],[-49.05092,-26.83034],[-49.05035,-26.83021],[-49.04906,-26.82921],[-49.04844,-26.82917],[-49.04822,-26.8293],[-49.04819,-26.82882],[-49.04776,-26.82833],[-49.04826,-26.82841],[-49.04925,-26.82827],[-49.05005,-26.82782],[-49.05029,-26.82755],[-49.05074,-26.82738],[-49.05083,-26.82716],[-49.0514,-26.82743],[-49.05176,-26.82745],[-49.0523,-26.82669],[-49.05266,-26.8266],[-49.0532,-26.82615],[-49.05339,-26.82584],[-49.05343,-26.82535],[-49.05362,-26.82521],[-49.05376,-26.82474],[-49.05387,-26.82381],[-49.05418,-26.82325],[-49.05417,-26.82293],[-49.05396,-26.82274],[-49.05387,-26.82228],[-49.0548,-26.82219],[-49.05464,-26.82155],[-49.05508,-26.82152],[-49.05521,-26.82139],[-49.05527,-26.82127],[-49.05495,-26.82089],[-49.05496,-26.8207],[-49.05554,-26.82005],[-49.05553,-26.81986],[-49.05466,-26.81912],[-49.05465,-26.81878],[-49.05422,-26.81855],[-49.05621,-26.81831],[-49.05672,-26.81776],[-49.05739,-26.81763],[-49.0575,-26.81742],[-49.05793,-26.81728],[-49.05794,-26.81677],[-49.05826,-26.81667],[-49.05854,-26.81632],[-49.05801,-26.81499],[-49.05724,-26.81428],[-49.05637,-26.81372],[-49.05611,-26.81371],[-49.05631,-26.81355],[-49.05621,-26.81338],[-49.05645,-26.81329],[-49.05654,-26.81307],[-49.0562,-26.81265],[-49.05682,-26.81258],[-49.05719,-26.8122],[-49.05763,-26.8124],[-49.0589,-26.81233],[-49.0607,-26.81187],[-49.06143,-26.81139],[-49.06164,-26.81111],[-49.0616,-26.80999],[-49.06183,-26.80941],[-49.06187,-26.80874],[-49.06227,-26.80893],[-49.06284,-26.80863],[-49.0632,-26.80816],[-49.06355,-26.80909],[-49.06334,-26.81005],[-49.06369,-26.81011],[-49.0637,-26.81027],[-49.0643,-26.81031],[-49.06485,-26.80986],[-49.06589,-26.8097],[-49.0659,-26.80951],[-49.06627,-26.80976],[-49.06628,-26.80996],[-49.06598,-26.81039],[-49.06604,-26.81064],[-49.06629,-26.81067],[-49.06632,-26.81078],[-49.06581,-26.81128],[-49.06521,-26.8116],[-49.06446,-26.81252],[-49.06462,-26.81322],[-49.06409,-26.81322],[-49.06389,-26.8134],[-49.06407,-26.81373],[-49.06457,-26.81401],[-49.06525,-26.81406],[-49.0655,-26.81449],[-49.06616,-26.81455],[-49.06613,-26.81525],[-49.0651,-26.81549],[-49.06469,-26.81634],[-49.06438,-26.81658],[-49.06429,-26.81735],[-49.06383,-26.8174],[-49.06369,-26.81779],[-49.06321,-26.81822],[-49.06342,-26.81876],[-49.06369,-26.82038],[-49.06368,-26.82216],[-49.0638,-26.82312],[-49.06372,-26.82342],[-49.06391,-26.8234],[-49.06402,-26.82358],[-49.06425,-26.8249],[-49.06391,-26.82531],[-49.06399,-26.82585],[-49.06329,-26.82579],[-49.06318,-26.82588],[-49.06342,-26.82635],[-49.06303,-26.82681],[-49.06311,-26.82756],[-49.06349,-26.82803],[-49.06383,-26.82808],[-49.06445,-26.82875],[-49.06489,-26.82893],[-49.06523,-26.83002],[-49.06542,-26.83023],[-49.06566,-26.83039],[-49.06608,-26.8304],[-49.06647,-26.83073],[-49.06698,-26.83061],[-49.06718,-26.83071],[-49.0678,-26.83163],[-49.069,-26.83291],[-49.0694,-26.83363],[-49.06969,-26.83362],[-49.07078,-26.83306],[-49.07283,-26.83427],[-49.07342,-26.83433],[-49.07422,-26.83467],[-49.07483,-26.8351],[-49.07569,-26.83475],[-49.07582,-26.83464],[-49.07585,-26.83439],[-49.07709,-26.83448],[-49.07721,-26.83486],[-49.07709,-26.83592],[-49.07716,-26.83689],[-49.07756,-26.83802],[-49.07722,-26.8387],[-49.07717,-26.83919],[-49.07733,-26.83934],[-49.07871,-26.83967],[-49.07891,-26.83983],[-49.07933,-26.84084],[-49.07923,-26.84103],[-49.07861,-26.84139],[-49.07716,-26.84301],[-49.07723,-26.84373],[-49.07851,-26.84453],[-49.07823,-26.84479],[-49.07813,-26.8451],[-49.07843,-26.8461],[-49.07878,-26.84656],[-49.0804,-26.84801],[-49.08099,-26.84823],[-49.08154,-26.84885],[-49.0824,-26.8492],[-49.08583,-26.85014],[-49.08657,-26.85059]]]},"properties":{"BAIRROS":"FIDELIS","CD_BAIRRO":"29"}},{"type":"Feature","geometry":{"type":"Polygon","coordinates":[[[-49.08628,-26.73824],[-49.08593,-26.74054],[-49.08601,-26.74141],[-49.08566,-26.74209],[-49.08564,-26.74303],[-49.08497,-26.74416],[-49.0843,-26.74576],[-49.08349,-26.74635],[-49.08216,-26.74674],[-49.08164,-26.74727],[-49.08107,-26.74641],[-49.08075,-26.74618],[-49.0802,-26.74506],[-49.07984,-26.7448],[-49.07834,-26.74454],[-49.07809,-26.7448],[-49.07792,-26.74477],[-49.07726,-26.74388],[-49.0763,-26.74349],[-49.07558,-26.74291],[-49.07506,-26.74288],[-49.07401,-26.74213],[-49.07285,-26.74193],[-49.07271,-26.74153],[-49.07233,-26.74129],[-49.07154,-26.74114],[-49.06939,-26.74104],[-49.06871,-26.74336],[-49.06879,-26.7442],[-49.0682,-26.74482],[-49.068,-26.74546],[-49.06777,-26.74566],[-49.06705,-26.74591],[-49.06623,-26.74573],[-49.06518,-26.74577],[-49.06427,-26.74642],[-49.06328,-26.74653],[-49.06306,-26.74672],[-49.06292,-26.7471],[-49.06262,-26.74945],[-49.06201,-26.74899],[-49.06016,-26.7495],[-49.05994,-26.74974],[-49.05947,-26.75078],[-49.05938,-26.75163],[-49.05707,-26.75243],[-49.05633,-26.75295],[-49.0547,-26.75177],[-49.05216,-26.75174],[-49.05154,-26.75003],[-49.05074,-26.74994],[-49.04919,-26.75005],[-49.04729,-26.74975],[-49.0475,-26.74934],[-49.04756,-26.74872],[-49.04693,-26.74787],[-49.04674,-26.74735],[-49.04861,-26.74715],[-49.04893,-26.74609],[-49.04882,-26.74494],[-49.04956,-26.74458],[-49.04994,-26.74418],[-49.05022,-26.74341],[-49.05027,-26.74279],[-49.0522,-26.74555],[-49.05275,-26.74612],[-49.05325,-26.74606],[-49.05401,-26.74655],[-49.0546,-26.74666],[-49.0552,-26.74614],[-49.05526,-26.74592],[-49.05512,-26.74562],[-49.0553,-26.74518],[-49.05518,-26.74466],[-49.05447,-26.74463],[-49.05405,-26.74478],[-49.05363,-26.74432],[-49.05356,-26.74407],[-49.05374,-26.74386],[-49.05368,-26.74368],[-49.05448,-26.7433],[-49.05432,-26.74274],[-49.05421,-26.74261],[-49.05373,-26.74271],[-49.05365,-26.74233],[-49.0532,-26.74221],[-49.05323,-26.74173],[-49.05304,-26.74148],[-49.05274,-26.74139],[-49.053,-26.7411],[-49.05295,-26.74073],[-49.05219,-26.7406],[-49.05172,-26.73931],[-49.05181,-26.7391],[-49.05168,-26.73872],[-49.051,-26.73816],[-49.05117,-26.73787],[-49.05104,-26.73771],[-49.05135,-26.73772],[-49.05142,-26.73758],[-49.05121,-26.73712],[-49.05166,-26.73676],[-49.05159,-26.7365],[-49.05216,-26.73587],[-49.05188,-26.73538],[-49.05166,-26.73443],[-49.05163,-26.7341],[-49.05186,-26.7337],[-49.0539,-26.73344],[-49.05506,-26.73413],[-49.05546,-26.73416],[-49.05572,-26.73385],[-49.05636,-26.73237],[-49.05685,-26.73178],[-49.05628,-26.73101],[-49.05608,-26.7303],[-49.0562,-26.72863],[-49.05649,-26.72841],[-49.05514,-26.72705],[-49.05723,-26.72556],[-49.0576,-26.724],[-49.05805,-26.72347],[-49.05825,-26.72259],[-49.05794,-26.7213],[-49.0571,-26.72012],[-49.0561,-26.71948],[-49.05533,-26.71755],[-49.05668,-26.71719],[-49.05686,-26.71661],[-49.05739,-26.71594],[-49.05745,-26.71561],[-49.05791,-26.71546],[-49.05772,-26.71491],[-49.05787,-26.71454],[-49.05876,-26.71416],[-49.05933,-26.71339],[-49.06038,-26.71257],[-49.06207,-26.71178],[-49.06233,-26.71129],[-49.06236,-26.71032],[-49.0625,-26.70982],[-49.06341,-26.70896],[-49.06385,-26.70732],[-49.06435,-26.70655],[-49.06516,-26.7057],[-49.0657,-26.70543],[-49.06979,-26.70542],[-49.07032,-26.70553],[-49.0708,-26.70592],[-49.07098,-26.70627],[-49.07101,-26.70714],[-49.07256,-26.70709],[-49.07284,-26.70719],[-49.07402,-26.70811],[-49.07541,-26.70895],[-49.07617,-26.71004],[-49.07651,-26.71079],[-49.07653,-26.71114],[-49.07587,-26.71159],[-49.07577,-26.71224],[-49.0753,-26.71258],[-49.07531,-26.71281],[-49.07607,-26.71442],[-49.07595,-26.71499],[-49.07548,-26.7155],[-49.07661,-26.71578],[-49.07626,-26.7163],[-49.07625,-26.7169],[-49.07662,-26.7176],[-49.07686,-26.71845],[-49.07752,-26.71965],[-49.07804,-26.72027],[-49.07835,-26.72183],[-49.07922,-26.72325],[-49.07993,-26.72406],[-49.08062,-26.72452],[-49.0805,-26.72516],[-49.07979,-26.72582],[-49.07976,-26.72655],[-49.08005,-26.72716],[-49.08017,-26.72784],[-49.081,-26.72861],[-49.08113,-26.7289],[-49.08112,-26.7292],[-49.0806,-26.72993],[-49.0808,-26.73016],[-49.08152,-26.73039],[-49.08256,-26.73115],[-49.08312,-26.73138],[-49.08363,-26.73141],[-49.0846,-26.7322],[-49.08464,-26.73295],[-49.08507,-26.7337],[-49.08519,-26.73437],[-49.08573,-26.73521],[-49.08623,-26.73712],[-49.08628,-26.73824]]]},"properties":{"BAIRROS":"VILA ITOUPAVA","CD_BAIRRO":"35"}},{"type":"Feature","geometry":{"type":"Polygon","coordinates":[[[-49.0845,-26.74522],[-49.08497,-26.74416],[-49.0856,-26.74317],[-49.08564,-26.7422],[-49.086,-26.74148],[-49.08598,-26.74114],[-49.0884,-26.74331],[-49.08884,-26.74408],[-49.08939,-26.74467],[-49.08937,-26.74492],[-49.08974,-26.7454],[-49.09043,-26.74508],[-49.09036,-26.74457],[-49.09075,-26.7445],[-49.09077,-26.74428],[-49.09099,-26.74416],[-49.09122,-26.74427],[-49.0919,-26.74353],[-49.09216,-26.74338],[-49.09232,-26.74368],[-49.09248,-26.74369],[-49.09285,-26.74334],[-49.09306,-26.7426],[-49.09322,-26.74275],[-49.09389,-26.74355],[-49.0939,-26.74373],[-49.09414,-26.74384],[-49.09415,-26.74404],[-49.09458,-26.7443],[-49.09443,-26.74456],[-49.09465,-26.74499],[-49.09444,-26.74574],[-49.09411,-26.74595],[-49.09398,-26.74627],[-49.0939,-26.74666],[-49.09416,-26.74686],[-49.09397,-26.74722],[-49.09399,-26.74743],[-49.09351,-26.74772],[-49.09333,-26.74805],[-49.09343,-26.74818],[-49.09326,-26.74831],[-49.09326,-26.74868],[-49.09356,-26.74894],[-49.09359,-26.7498],[-49.09495,-26.74998],[-49.09552,-26.74962],[-49.09571,-26.74968],[-49.09587,-26.74947],[-49.09774,-26.74914],[-49.09799,-26.75011],[-49.09746,-26.74966],[-49.09667,-26.75026],[-49.09701,-26.75077],[-49.09652,-26.75072],[-49.09648,-26.75102],[-49.09628,-26.75123],[-49.09522,-26.75174],[-49.09497,-26.75212],[-49.0949,-26.7526],[-49.09453,-26.75336],[-49.09501,-26.75391],[-49.09509,-26.75466],[-49.09498,-26.75491],[-49.09454,-26.75527],[-49.0943,-26.75653],[-49.09454,-26.7566],[-49.09495,-26.7565],[-49.09554,-26.75604],[-49.09606,-26.75539],[-49.09635,-26.75537],[-49.0967,-26.7555],[-49.09679,-26.75571],[-49.09665,-26.7567],[-49.09644,-26.75711],[-49.09651,-26.75732],[-49.09677,-26.75742],[-49.0973,-26.75705],[-49.09762,-26.75695],[-49.09784,-26.75703],[-49.09808,-26.75682],[-49.09845,-26.75603],[-49.09889,-26.75543],[-49.09899,-26.75491],[-49.09953,-26.7545],[-49.09999,-26.7555],[-49.1003,-26.75557],[-49.10053,-26.75598],[-49.10055,-26.75636],[-49.10099,-26.75659],[-49.10109,-26.757],[-49.10151,-26.75702],[-49.10161,-26.75736],[-49.10191,-26.7575],[-49.10209,-26.758],[-49.10209,-26.75826],[-49.10175,-26.75857],[-49.10163,-26.75893],[-49.10168,-26.75937],[-49.10206,-26.75974],[-49.1017,-26.75989],[-49.1011,-26.75991],[-49.10094,-26.76006],[-49.10103,-26.76025],[-49.10134,-26.76033],[-49.1021,-26.76013],[-49.10194,-26.76061],[-49.1022,-26.76084],[-49.10277,-26.76079],[-49.10312,-26.76062],[-49.10347,-26.76078],[-49.10391,-26.76078],[-49.1042,-26.7617],[-49.1046,-26.76199],[-49.10471,-26.76235],[-49.10437,-26.76299],[-49.1045,-26.76316],[-49.10459,-26.76391],[-49.10433,-26.76474],[-49.10441,-26.76495],[-49.10471,-26.76528],[-49.10564,-26.76546],[-49.10566,-26.76585],[-49.10586,-26.76601],[-49.10633,-26.76578],[-49.10649,-26.7661],[-49.10674,-26.76622],[-49.10744,-26.76591],[-49.10713,-26.76667],[-49.10734,-26.76703],[-49.10803,-26.76694],[-49.10803,-26.76631],[-49.10845,-26.76597],[-49.10854,-26.76573],[-49.10823,-26.76527],[-49.10796,-26.76518],[-49.10645,-26.76511],[-49.10658,-26.76449],[-49.10679,-26.76458],[-49.10718,-26.76441],[-49.10742,-26.76379],[-49.10696,-26.76273],[-49.10634,-26.76203],[-49.10638,-26.76173],[-49.10659,-26.76165],[-49.10685,-26.76179],[-49.10695,-26.76167],[-49.10711,-26.76209],[-49.10752,-26.7621],[-49.10775,-26.76182],[-49.10825,-26.76182],[-49.10843,-26.76197],[-49.10859,-26.76262],[-49.10886,-26.76273],[-49.10923,-26.76274],[-49.10985,-26.76219],[-49.10988,-26.76263],[-49.11009,-26.76281],[-49.11044,-26.7629],[-49.11087,-26.76258],[-49.11091,-26.76228],[-49.11123,-26.76179],[-49.1106,-26.76145],[-49.11126,-26.76139],[-49.11151,-26.7612],[-49.11187,-26.75996],[-49.11202,-26.75986],[-49.11226,-26.75927],[-49.11204,-26.75874],[-49.11182,-26.75858],[-49.11121,-26.7585],[-49.1107,-26.75808],[-49.11028,-26.75822],[-49.11008,-26.75809],[-49.11083,-26.75746],[-49.11098,-26.75715],[-49.1108,-26.757],[-49.11106,-26.75703],[-49.11141,-26.75761],[-49.11167,-26.7577],[-49.11194,-26.75761],[-49.11219,-26.75682],[-49.11217,-26.75652],[-49.11254,-26.756],[-49.1125,-26.75586],[-49.11276,-26.75579],[-49.11301,-26.75545],[-49.1134,-26.75541],[-49.11351,-26.755],[-49.11361,-26.75509],[-49.11384,-26.75503],[-49.11381,-26.75527],[-49.11409,-26.75545],[-49.1143,-26.75516],[-49.1142,-26.75586],[-49.11431,-26.75601],[-49.11449,-26.75601],[-49.11448,-26.75637],[-49.11477,-26.75671],[-49.11464,-26.7569],[-49.11392,-26.75727],[-49.11346,-26.75848],[-49.11365,-26.75864],[-49.11356,-26.75879],[-49.11371,-26.759],[-49.11361,-26.75922],[-49.11365,-26.76009],[-49.11397,-26.7602],[-49.11383,-26.76034],[-49.11404,-26.76056],[-49.11431,-26.76057],[-49.1144,-26.76079],[-49.11467,-26.76088],[-49.11412,-26.76101],[-49.11422,-26.76141],[-49.1145,-26.76162],[-49.11442,-26.76179],[-49.11409,-26.76166],[-49.11408,-26.76218],[-49.11381,-26.76219],[-49.11374,-26.76195],[-49.11343,-26.76175],[-49.11277,-26.76201],[-49.11249,-26.76365],[-49.11307,-26.76393],[-49.11316,-26.7643],[-49.11355,-26.76455],[-49.11319,-26.765],[-49.11323,-26.76521],[-49.11299,-26.76528],[-49.11301,-26.76611],[-49.1124,-26.766],[-49.11283,-26.76672],[-49.1123,-26.76667],[-49.11249,-26.76722],[-49.11223,-26.76753],[-49.11204,-26.76737],[-49.11196,-26.76745],[-49.11145,-26.76727],[-49.11096,-26.76748],[-49.11085,-26.76774],[-49.11153,-26.76816],[-49.11159,-26.76941],[-49.1118,-26.76976],[-49.11199,-26.76979],[-49.11218,-26.76911],[-49.11336,-26.76889],[-49.11413,-26.76821],[-49.11447,-26.76685],[-49.11491,-26.76658],[-49.11462,-26.76599],[-49.11497,-26.76533],[-49.11512,-26.76572],[-49.11527,-26.76554],[-49.1159,-26.76549],[-49.11637,-26.76579],[-49.11717,-26.76578],[-49.1175,-26.76614],[-49.11769,-26.76609],[-49.11766,-26.76629],[-49.11812,-26.76666],[-49.11851,-26.76686],[-49.11901,-26.76661],[-49.11898,-26.76693],[-49.11876,-26.76725],[-49.1182,-26.76738],[-49.1179,-26.7676],[-49.11792,-26.76785],[-49.11808,-26.76795],[-49.11835,-26.76784],[-49.11849,-26.76822],[-49.11902,-26.76856],[-49.11866,-26.76897],[-49.11863,-26.76961],[-49.11835,-26.76998],[-49.11885,-26.77054],[-49.11879,-26.77156],[-49.11892,-26.77212],[-49.1187,-26.77225],[-49.11857,-26.77257],[-49.11854,-26.77276],[-49.11875,-26.77302],[-49.11865,-26.77339],[-49.11811,-26.77397],[-49.11812,-26.77446],[-49.1183,-26.77494],[-49.11803,-26.77521],[-49.11779,-26.77575],[-49.11704,-26.77625],[-49.11706,-26.77653],[-49.11551,-26.77742],[-49.11535,-26.77844],[-49.11495,-26.77873],[-49.1149,-26.77931],[-49.11472,-26.77969],[-49.11418,-26.7801],[-49.11388,-26.78016],[-49.11365,-26.78052],[-49.11317,-26.78072],[-49.11312,-26.78094],[-49.1133,-26.78138],[-49.11308,-26.78165],[-49.11302,-26.78201],[-49.11274,-26.78214],[-49.11246,-26.78278],[-49.112,-26.78294],[-49.11217,-26.78336],[-49.11245,-26.78335],[-49.11254,-26.78306],[-49.11279,-26.78326],[-49.11276,-26.78389],[-49.11307,-26.78416],[-49.1131,-26.7846],[-49.11359,-26.78542],[-49.1134,-26.78565],[-49.11372,-26.78592],[-49.11381,-26.78665],[-49.11429,-26.78682],[-49.11468,-26.78719],[-49.11411,-26.7878],[-49.11417,-26.78841],[-49.11368,-26.78884],[-49.11344,-26.78925],[-49.11274,-26.78958],[-49.11271,-26.78986],[-49.11205,-26.79019],[-49.11208,-26.7908],[-49.11186,-26.79083],[-49.11165,-26.79123],[-49.11145,-26.79134],[-49.11173,-26.79168],[-49.11151,-26.79203],[-49.11157,-26.79216],[-49.11231,-26.79301],[-49.11218,-26.79336],[-49.11152,-26.79394],[-49.1114,-26.79457],[-49.11074,-26.79445],[-49.11105,-26.79493],[-49.11086,-26.79501],[-49.11059,-26.79542],[-49.11104,-26.79662],[-49.11062,-26.7976],[-49.11066,-26.79782],[-49.11244,-26.79952],[-49.11195,-26.80021],[-49.11212,-26.80082],[-49.11191,-26.80116],[-49.11187,-26.80152],[-49.11153,-26.80179],[-49.11153,-26.80215],[-49.11122,-26.80237],[-49.11148,-26.80292],[-49.11082,-26.8033],[-49.11156,-26.80346],[-49.11164,-26.80366],[-49.11139,-26.80409],[-49.11149,-26.80459],[-49.11218,-26.80455],[-49.11274,-26.80507],[-49.11313,-26.80496],[-49.1134,-26.80461],[-49.11449,-26.80495],[-49.11511,-26.80462],[-49.11569,-26.80385],[-49.11653,-26.80483],[-49.11745,-26.80498],[-49.11814,-26.80491],[-49.11787,-26.80542],[-49.11724,-26.80573],[-49.11703,-26.80652],[-49.11623,-26.80617],[-49.1156,-26.8062],[-49.11504,-26.80646],[-49.11494,-26.80703],[-49.11534,-26.80744],[-49.11519,-26.80831],[-49.11535,-26.81003],[-49.11434,-26.80986],[-49.11318,-26.80911],[-49.113,-26.80912],[-49.11273,-26.80947],[-49.11273,-26.81002],[-49.11295,-26.81034],[-49.11333,-26.81056],[-49.11337,-26.81102],[-49.11399,-26.8112],[-49.11382,-26.81155],[-49.11396,-26.81243],[-49.11308,-26.81288],[-49.11288,-26.81397],[-49.11302,-26.8141],[-49.1135,-26.8142],[-49.11475,-26.81348],[-49.11471,-26.81289],[-49.11503,-26.81298],[-49.11635,-26.81268],[-49.11691,-26.81235],[-49.1172,-26.81201],[-49.11706,-26.81328],[-49.11728,-26.8142],[-49.11846,-26.8153],[-49.11883,-26.8154],[-49.11848,-26.81586],[-49.1187,-26.8166],[-49.11844,-26.81697],[-49.11869,-26.81721],[-49.11728,-26.81748],[-49.11677,-26.81793],[-49.11659,-26.81835],[-49.11579,-26.81807],[-49.11415,-26.81788],[-49.11367,-26.81802],[-49.11342,-26.81833],[-49.11343,-26.81879],[-49.11299,-26.81909],[-49.11315,-26.81971],[-49.11226,-26.81989],[-49.11222,-26.82019],[-49.11235,-26.82037],[-49.11199,-26.82077],[-49.11201,-26.82105],[-49.11274,-26.82102],[-49.11302,-26.82116],[-49.11338,-26.82101],[-49.11342,-26.82146],[-49.11388,-26.82194],[-49.11429,-26.82266],[-49.11435,-26.82303],[-49.11408,-26.82357],[-49.11405,-26.82401],[-49.1144,-26.82483],[-49.11237,-26.82528],[-49.11182,-26.82642],[-49.11193,-26.82737],[-49.11225,-26.82797],[-49.11249,-26.82808],[-49.11245,-26.82846],[-49.11259,-26.82889],[-49.11292,-26.82895],[-49.11311,-26.82929],[-49.1135,-26.8296],[-49.11373,-26.82956],[-49.11394,-26.82988],[-49.1145,-26.83021],[-49.11535,-26.83028],[-49.11633,-26.82981],[-49.11728,-26.83041],[-49.1179,-26.83039],[-49.11813,-26.83007],[-49.11834,-26.83024],[-49.11862,-26.83089],[-49.11905,-26.8313],[-49.11873,-26.83189],[-49.11935,-26.8327],[-49.11924,-26.8339],[-49.11872,-26.83379],[-49.11787,-26.83405],[-49.11709,-26.83451],[-49.11643,-26.83463],[-49.116,-26.83361],[-49.11496,-26.83309],[-49.11424,-26.83325],[-49.11377,-26.8338],[-49.11383,-26.83457],[-49.11412,-26.83497],[-49.11411,-26.83525],[-49.1118,-26.83541],[-49.11103,-26.83575],[-49.11031,-26.83628],[-49.10956,-26.83716],[-49.10825,-26.83757],[-49.10801,-26.83774],[-49.10773,-26.8383],[-49.10705,-26.83912],[-49.10593,-26.83974],[-49.1058,-26.84078],[-49.10529,-26.84148],[-49.10494,-26.84169],[-49.1033,-26.84197],[-49.10241,-26.84299],[-49.10064,-26.84305],[-49.0992,-26.84343],[-49.09692,-26.84363],[-49.09544,-26.8442],[-49.09449,-26.84378],[-49.09333,-26.84278],[-49.09288,-26.84287],[-49.09175,-26.84251],[-49.09086,-26.84247],[-49.09078,-26.84278],[-49.08937,-26.84408],[-49.08907,-26.84421],[-49.08888,-26.84474],[-49.08851,-26.84505],[-49.08789,-26.84615],[-49.08792,-26.84682],[-49.0877,-26.8472],[-49.08779,-26.84806],[-49.08728,-26.84875],[-49.08705,-26.84934],[-49.08689,-26.85044],[-49.08657,-26.85059],[-49.08583,-26.85014],[-49.0824,-26.8492],[-49.08154,-26.84885],[-49.08099,-26.84823],[-49.0804,-26.84801],[-49.07878,-26.84656],[-49.07843,-26.8461],[-49.07813,-26.8451],[-49.07823,-26.84479],[-49.07851,-26.84453],[-49.07723,-26.84373],[-49.07716,-26.84301],[-49.07861,-26.84139],[-49.07923,-26.84103],[-49.07933,-26.84084],[-49.07891,-26.83983],[-49.07871,-26.83967],[-49.07733,-26.83934],[-49.07717,-26.83919],[-49.07722,-26.8387],[-49.07756,-26.83802],[-49.07721,-26.83725],[-49.07708,-26.83622],[-49.07716,-26.83456],[-49.07687,-26.83443],[-49.07585,-26.83439],[-49.07568,-26.83376],[-49.07481,-26.83308],[-49.07476,-26.83277],[-49.07506,-26.83236],[-49.07538,-26.83111],[-49.07473,-26.83],[-49.07489,-26.8297],[-49.07466,-26.82915],[-49.07404,-26.82866],[-49.07396,-26.82819],[-49.07314,-26.8275],[-49.07267,-26.82746],[-49.07234,-26.82705],[-49.07052,-26.8261],[-49.06998,-26.82603],[-49.06953,-26.82561],[-49.0704,-26.82551],[-49.07084,-26.82495],[-49.07041,-26.82446],[-49.06931,-26.8245],[-49.06964,-26.82387],[-49.06923,-26.82324],[-49.06936,-26.82298],[-49.07038,-26.823],[-49.07064,-26.8228],[-49.07061,-26.8225],[-49.07013,-26.82167],[-49.07052,-26.82107],[-49.07126,-26.82152],[-49.07174,-26.82162],[-49.07251,-26.8216],[-49.07367,-26.82135],[-49.07377,-26.82122],[-49.07347,-26.82039],[-49.07314,-26.81992],[-49.07194,-26.81889],[-49.07177,-26.81845],[-49.07108,-26.81808],[-49.07286,-26.81783],[-49.07339,-26.81763],[-49.07345,-26.8172],[-49.07325,-26.81672],[-49.07375,-26.81646],[-49.07439,-26.81567],[-49.07495,-26.81572],[-49.075,-26.81547],[-49.07476,-26.8151],[-49.07517,-26.81491],[-49.07469,-26.81469],[-49.07459,-26.81424],[-49.07473,-26.81401],[-49.0745,-26.81394],[-49.07443,-26.81344],[-49.07412,-26.8134],[-49.07426,-26.81283],[-49.07411,-26.81252],[-49.07372,-26.81223],[-49.07393,-26.81209],[-49.07384,-26.81183],[-49.07432,-26.81141],[-49.07423,-26.81095],[-49.07433,-26.81057],[-49.07409,-26.80989],[-49.07443,-26.80985],[-49.07469,-26.80943],[-49.07496,-26.80926],[-49.0756,-26.80944],[-49.07593,-26.80921],[-49.0764,-26.8095],[-49.07664,-26.80945],[-49.07666,-26.80924],[-49.07687,-26.80915],[-49.07696,-26.80885],[-49.07652,-26.80855],[-49.07627,-26.80807],[-49.0767,-26.80804],[-49.07681,-26.80828],[-49.07694,-26.80821],[-49.07692,-26.808],[-49.07668,-26.80786],[-49.07571,-26.80788],[-49.07532,-26.80803],[-49.07513,-26.80774],[-49.07437,-26.80733],[-49.07432,-26.80677],[-49.07475,-26.80633],[-49.07479,-26.80575],[-49.07506,-26.80546],[-49.07442,-26.80465],[-49.07398,-26.80452],[-49.07296,-26.80451],[-49.07245,-26.8035],[-49.07187,-26.80318],[-49.0715,-26.80272],[-49.06993,-26.80378],[-49.06954,-26.80368],[-49.06897,-26.80259],[-49.0692,-26.80221],[-49.06915,-26.80201],[-49.06829,-26.80139],[-49.06915,-26.80137],[-49.06954,-26.80113],[-49.06976,-26.80065],[-49.06945,-26.80019],[-49.06961,-26.79977],[-49.06949,-26.79947],[-49.06973,-26.79882],[-49.07029,-26.79887],[-49.07096,-26.79848],[-49.07115,-26.79825],[-49.07126,-26.79735],[-49.0711,-26.79674],[-49.07081,-26.79648],[-49.06979,-26.79663],[-49.06984,-26.79625],[-49.07056,-26.79585],[-49.07064,-26.79545],[-49.06993,-26.79393],[-49.06957,-26.79355],[-49.06927,-26.79344],[-49.06911,-26.79307],[-49.0687,-26.79294],[-49.06869,-26.79269],[-49.06857,-26.79262],[-49.06869,-26.79219],[-49.06844,-26.79201],[-49.06839,-26.79127],[-49.06819,-26.79094],[-49.06807,-26.79098],[-49.06797,-26.79063],[-49.06782,-26.79056],[-49.06735,-26.79075],[-49.067,-26.79108],[-49.06681,-26.79064],[-49.06628,-26.79084],[-49.0659,-26.79154],[-49.06535,-26.7915],[-49.06493,-26.79194],[-49.06463,-26.79205],[-49.06464,-26.79223],[-49.06375,-26.79259],[-49.06362,-26.79289],[-49.06386,-26.79298],[-49.06313,-26.79402],[-49.06293,-26.79531],[-49.06311,-26.79561],[-49.06264,-26.79634],[-49.06209,-26.79447],[-49.06185,-26.79433],[-49.06114,-26.79455],[-49.06051,-26.79509],[-49.05994,-26.79516],[-49.05963,-26.79566],[-49.05947,-26.79572],[-49.05954,-26.79538],[-49.05913,-26.79517],[-49.05961,-26.7951],[-49.05967,-26.79479],[-49.06045,-26.79477],[-49.06092,-26.79425],[-49.06139,-26.79394],[-49.0616,-26.79355],[-49.06164,-26.79271],[-49.06129,-26.79245],[-49.06105,-26.79255],[-49.06094,-26.79181],[-49.06133,-26.79183],[-49.06146,-26.79173],[-49.06139,-26.79139],[-49.06102,-26.79114],[-49.06114,-26.79098],[-49.06146,-26.791],[-49.06145,-26.79068],[-49.06087,-26.79026],[-49.06064,-26.78973],[-49.06017,-26.79005],[-49.06013,-26.7899],[-49.06004,-26.78994],[-49.05991,-26.78976],[-49.06015,-26.78961],[-49.06021,-26.78934],[-49.05993,-26.78902],[-49.05958,-26.78894],[-49.0593,-26.78932],[-49.05921,-26.78926],[-49.05921,-26.78878],[-49.059,-26.78864],[-49.05856,-26.78861],[-49.05836,-26.78897],[-49.05776,-26.78904],[-49.05768,-26.78896],[-49.05753,-26.78911],[-49.05759,-26.789],[-49.05745,-26.78894],[-49.05752,-26.78821],[-49.05738,-26.78803],[-49.05748,-26.78799],[-49.0572,-26.78785],[-49.05692,-26.78789],[-49.05628,-26.78719],[-49.0573,-26.78746],[-49.05762,-26.78727],[-49.05758,-26.78703],[-49.05778,-26.78711],[-49.05806,-26.78698],[-49.05818,-26.78711],[-49.05842,-26.78691],[-49.059,-26.78675],[-49.05918,-26.78682],[-49.05919,-26.78668],[-49.05967,-26.78673],[-49.05992,-26.7871],[-49.06022,-26.78706],[-49.06028,-26.78692],[-49.06064,-26.7873],[-49.06122,-26.78759],[-49.06167,-26.78755],[-49.06181,-26.78802],[-49.06205,-26.78827],[-49.06247,-26.78841],[-49.06301,-26.7882],[-49.06304,-26.78858],[-49.06337,-26.78904],[-49.06398,-26.78919],[-49.06471,-26.78873],[-49.06565,-26.78858],[-49.06558,-26.78848],[-49.06571,-26.78841],[-49.06551,-26.78819],[-49.06585,-26.78779],[-49.06574,-26.78711],[-49.06537,-26.78676],[-49.06556,-26.78635],[-49.06556,-26.78584],[-49.06576,-26.78584],[-49.06616,-26.78621],[-49.06644,-26.78629],[-49.06654,-26.78651],[-49.06707,-26.78656],[-49.06686,-26.78721],[-49.06701,-26.78753],[-49.06737,-26.78766],[-49.0676,-26.78791],[-49.06836,-26.78798],[-49.06869,-26.78834],[-49.06917,-26.78846],[-49.06959,-26.7882],[-49.06971,-26.78787],[-49.06946,-26.78704],[-49.06966,-26.78669],[-49.06926,-26.78657],[-49.06906,-26.7862],[-49.06873,-26.78599],[-49.06874,-26.7857],[-49.06908,-26.7855],[-49.06876,-26.78508],[-49.06927,-26.78542],[-49.06953,-26.78594],[-49.07001,-26.7861],[-49.07067,-26.78584],[-49.07172,-26.786],[-49.07192,-26.78583],[-49.07194,-26.78535],[-49.07158,-26.78519],[-49.07227,-26.7851],[-49.0725,-26.78525],[-49.07355,-26.78476],[-49.07382,-26.78489],[-49.07485,-26.78433],[-49.07513,-26.78392],[-49.07543,-26.783],[-49.07606,-26.78242],[-49.07613,-26.78219],[-49.07559,-26.78205],[-49.07488,-26.78246],[-49.07354,-26.78253],[-49.07332,-26.78243],[-49.07303,-26.78202],[-49.07317,-26.78154],[-49.07314,-26.78114],[-49.07225,-26.78077],[-49.07269,-26.7804],[-49.0732,-26.7803],[-49.07323,-26.77996],[-49.07378,-26.78019],[-49.07461,-26.78006],[-49.07511,-26.77961],[-49.0747,-26.77891],[-49.07431,-26.77871],[-49.07455,-26.77789],[-49.07415,-26.77742],[-49.07389,-26.77743],[-49.07365,-26.7778],[-49.07285,-26.77836],[-49.07319,-26.77738],[-49.07274,-26.77666],[-49.07337,-26.77666],[-49.07358,-26.77642],[-49.07383,-26.77575],[-49.07381,-26.77524],[-49.0741,-26.77471],[-49.07384,-26.77421],[-49.07391,-26.77398],[-49.07376,-26.77327],[-49.07441,-26.77263],[-49.07459,-26.77161],[-49.07489,-26.77102],[-49.07492,-26.77044],[-49.07596,-26.77028],[-49.07625,-26.76956],[-49.07617,-26.76938],[-49.07548,-26.76911],[-49.07507,-26.76831],[-49.07472,-26.76826],[-49.07413,-26.76864],[-49.07386,-26.76816],[-49.0736,-26.76809],[-49.07323,-26.76846],[-49.07321,-26.76898],[-49.07271,-26.769],[-49.0714,-26.76946],[-49.07065,-26.76937],[-49.07038,-26.76957],[-49.07031,-26.76993],[-49.06918,-26.77066],[-49.06811,-26.77064],[-49.06791,-26.77075],[-49.06754,-26.7704],[-49.06686,-26.7705],[-49.06655,-26.77022],[-49.06589,-26.77021],[-49.06533,-26.77003],[-49.06515,-26.77012],[-49.06419,-26.7697],[-49.06376,-26.76971],[-49.06278,-26.77006],[-49.06371,-26.76933],[-49.06483,-26.76912],[-49.06586,-26.76847],[-49.06648,-26.76771],[-49.06662,-26.7674],[-49.06653,-26.76666],[-49.06716,-26.76582],[-49.06749,-26.76619],[-49.06754,-26.76692],[-49.06788,-26.76693],[-49.0685,-26.76657],[-49.06922,-26.76574],[-49.06939,-26.76525],[-49.07008,-26.7646],[-49.07022,-26.76328],[-49.07034,-26.76311],[-49.07085,-26.7628],[-49.07156,-26.76296],[-49.07291,-26.76289],[-49.07309,-26.76217],[-49.0725,-26.76201],[-49.07162,-26.76215],[-49.0711,-26.76208],[-49.07053,-26.76139],[-49.07051,-26.76125],[-49.0709,-26.76075],[-49.07088,-26.76043],[-49.06999,-26.76011],[-49.06965,-26.75966],[-49.06881,-26.75922],[-49.06875,-26.75902],[-49.06806,-26.75871],[-49.06684,-26.75858],[-49.06641,-26.7588],[-49.06574,-26.7589],[-49.06503,-26.75843],[-49.06472,-26.75862],[-49.06473,-26.75892],[-49.06453,-26.75929],[-49.06386,-26.75972],[-49.06427,-26.75899],[-49.06404,-26.7587],[-49.06343,-26.75849],[-49.06286,-26.75858],[-49.06262,-26.7588],[-49.06214,-26.75803],[-49.06153,-26.75745],[-49.05716,-26.75488],[-49.05632,-26.75369],[-49.05624,-26.75341],[-49.05633,-26.75295],[-49.05707,-26.75243],[-49.05938,-26.75163],[-49.05947,-26.75078],[-49.05994,-26.74974],[-49.06016,-26.7495],[-49.06201,-26.74899],[-49.06262,-26.74945],[-49.06292,-26.7471],[-49.06306,-26.74672],[-49.06328,-26.74653],[-49.06427,-26.74642],[-49.06518,-26.74577],[-49.06623,-26.74573],[-49.06705,-26.74591],[-49.06777,-26.74566],[-49.068,-26.74546],[-49.0682,-26.74482],[-49.06879,-26.7442],[-49.06871,-26.74336],[-49.06939,-26.74104],[-49.07154,-26.74114],[-49.07233,-26.74129],[-49.07271,-26.74153],[-49.07285,-26.74193],[-49.07401,-26.74213],[-49.07506,-26.74288],[-49.07558,-26.74291],[-49.0763,-26.74349],[-49.07726,-26.74388],[-49.07792,-26.74477],[-49.07809,-26.7448],[-49.07834,-26.74454],[-49.07984,-26.7448],[-49.0802,-26.74506],[-49.08075,-26.74618],[-49.08107,-26.74641],[-49.08164,-26.74727],[-49.08216,-26.74674],[-49.08374,-26.74621],[-49.08425,-26.74583],[-49.0845,-26.74522]]]},"properties":{"BAIRROS":"ITOUPAVA CENTRAL","CD_BAIRRO":"34"}},{"type":"Feature","geometry":{"type":"Polygon","coordinates":[[[-49.0439,-26.83098],[-49.04428,-26.83083],[-49.04438,-26.83118],[-49.04479,-26.83148],[-49.04593,-26.8317],[-49.04726,-26.83134],[-49.04721,-26.83201],[-49.04657,-26.83213],[-49.04628,-26.83255],[-49.04666,-26.83333],[-49.04699,-26.83367],[-49.04673,-26.83446],[-49.04691,-26.83506],[-49.04718,-26.8352],[-49.04773,-26.83524],[-49.04834,-26.83495],[-49.04912,-26.83412],[-49.04912,-26.83374],[-49.0488,-26.83355],[-49.0492,-26.83345],[-49.05014,-26.83351],[-49.05027,-26.83314],[-49.05021,-26.83279],[-49.05053,-26.83287],[-49.05101,-26.83336],[-49.0511,-26.83385],[-49.05147,-26.83415],[-49.05137,-26.83564],[-49.05133,-26.83578],[-49.05078,-26.83594],[-49.05034,-26.83665],[-49.04996,-26.83692],[-49.04987,-26.83728],[-49.05016,-26.83852],[-49.05084,-26.84004],[-49.05085,-26.84092],[-49.05102,-26.84138],[-49.05167,-26.84209],[-49.05173,-26.84261],[-49.05215,-26.84302],[-49.05261,-26.84461],[-49.05396,-26.8455],[-49.05457,-26.84557],[-49.0551,-26.8459],[-49.05828,-26.84554],[-49.06013,-26.84518],[-49.06078,-26.84485],[-49.06238,-26.84482],[-49.06317,-26.845],[-49.0636,-26.8453],[-49.06365,-26.84552],[-49.06349,-26.84589],[-49.06367,-26.84628],[-49.0631,-26.84677],[-49.06274,-26.84731],[-49.06118,-26.84737],[-49.05965,-26.84768],[-49.05865,-26.84804],[-49.05867,-26.84897],[-49.05852,-26.84929],[-49.05782,-26.8496],[-49.05763,-26.85008],[-49.05683,-26.85061],[-49.05679,-26.85121],[-49.05699,-26.85176],[-49.05758,-26.85215],[-49.05855,-26.85243],[-49.05925,-26.85294],[-49.0602,-26.85314],[-49.06059,-26.85345],[-49.06059,-26.854],[-49.06217,-26.85395],[-49.06706,-26.85418],[-49.0672,-26.85405],[-49.0672,-26.8528],[-49.06809,-26.85249],[-49.06875,-26.85261],[-49.06962,-26.85304],[-49.07174,-26.85343],[-49.07286,-26.85382],[-49.07329,-26.85435],[-49.07387,-26.85479],[-49.0743,-26.85556],[-49.07444,-26.85615],[-49.07416,-26.8575],[-49.07426,-26.85839],[-49.073,-26.85997],[-49.07033,-26.86149],[-49.06874,-26.86167],[-49.0679,-26.86151],[-49.06228,-26.85966],[-49.06081,-26.85931],[-49.0591,-26.85918],[-49.05731,-26.85931],[-49.05606,-26.85958],[-49.05468,-26.86006],[-49.04795,-26.86361],[-49.04654,-26.86401],[-49.04571,-26.86397],[-49.04474,-26.86366],[-49.04043,-26.86095],[-49.04108,-26.85989],[-49.04105,-26.85955],[-49.04066,-26.85902],[-49.03978,-26.85822],[-49.03963,-26.85781],[-49.04008,-26.85745],[-49.04107,-26.85753],[-49.04098,-26.85713],[-49.04108,-26.85624],[-49.04136,-26.85548],[-49.0414,-26.85422],[-49.04206,-26.85417],[-49.0423,-26.85436],[-49.04238,-26.85503],[-49.04317,-26.85562],[-49.0437,-26.85548],[-49.044,-26.85484],[-49.04417,-26.85472],[-49.04389,-26.85338],[-49.04408,-26.85284],[-49.04463,-26.85254],[-49.04583,-26.85256],[-49.04652,-26.85271],[-49.04684,-26.85263],[-49.0466,-26.85131],[-49.04675,-26.8509],[-49.04735,-26.85018],[-49.04732,-26.84999],[-49.04711,-26.84988],[-49.04597,-26.84999],[-49.04563,-26.84961],[-49.046,-26.84949],[-49.04614,-26.84892],[-49.04665,-26.84822],[-49.04676,-26.84766],[-49.04674,-26.84732],[-49.04652,-26.84702],[-49.04636,-26.84635],[-49.04557,-26.84589],[-49.04558,-26.84568],[-49.04684,-26.8458],[-49.04722,-26.84562],[-49.04731,-26.8453],[-49.04679,-26.84435],[-49.0467,-26.84375],[-49.04618,-26.84359],[-49.04578,-26.84386],[-49.04576,-26.84354],[-49.04556,-26.84329],[-49.04602,-26.84341],[-49.04657,-26.84332],[-49.04701,-26.84296],[-49.04712,-26.84262],[-49.0463,-26.84217],[-49.04599,-26.8415],[-49.04525,-26.84096],[-49.04653,-26.84095],[-49.04672,-26.84083],[-49.04669,-26.84046],[-49.0464,-26.84015],[-49.04492,-26.83992],[-49.044,-26.84024],[-49.0442,-26.8395],[-49.044,-26.83911],[-49.04298,-26.8386],[-49.0417,-26.83886],[-49.0415,-26.83852],[-49.04201,-26.83812],[-49.04206,-26.8375],[-49.04227,-26.83696],[-49.04206,-26.8365],[-49.04249,-26.8367],[-49.04422,-26.8369],[-49.04494,-26.83639],[-49.04527,-26.83588],[-49.04519,-26.83525],[-49.04428,-26.8351],[-49.04458,-26.83466],[-49.04493,-26.83447],[-49.04508,-26.83352],[-49.04474,-26.83326],[-49.04343,-26.83313],[-49.04245,-26.83197],[-49.04339,-26.8319],[-49.04372,-26.83163],[-49.04373,-26.83117],[-49.0439,-26.83098]]]},"properties":{"BAIRROS":"FORTALEZA ALTA","CD_BAIRRO":"28"}},{"type":"Feature","geometry":{"type":"Polygon","coordinates":[[[-49.12051,-26.91602],[-49.11977,-26.91706],[-49.1186,-26.91733],[-49.11822,-26.91908],[-49.11777,-26.91991],[-49.1179,-26.92089],[-49.11772,-26.92169],[-49.11675,-26.92343],[-49.11662,-26.92428],[-49.11596,-26.92542],[-49.1152,-26.92598],[-49.11534,-26.92623],[-49.11452,-26.92755],[-49.1144,-26.92756],[-49.11369,-26.92887],[-49.11373,-26.92922],[-49.11296,-26.92963],[-49.11239,-26.93024],[-49.11206,-26.92962],[-49.11198,-26.92892],[-49.11173,-26.92861],[-49.11159,-26.92811],[-49.1109,-26.92825],[-49.10993,-26.92882],[-49.10924,-26.92857],[-49.10915,-26.92817],[-49.10927,-26.92784],[-49.10908,-26.92757],[-49.10863,-26.92746],[-49.10831,-26.9271],[-49.10783,-26.92711],[-49.1074,-26.92751],[-49.10647,-26.92762],[-49.10608,-26.9273],[-49.1057,-26.92667],[-49.10521,-26.92654],[-49.10501,-26.92662],[-49.10464,-26.92721],[-49.10399,-26.92724],[-49.10465,-26.92745],[-49.10454,-26.92787],[-49.10471,-26.92806],[-49.10504,-26.92817],[-49.10575,-26.93003],[-49.10679,-26.9299],[-49.10657,-26.93077],[-49.10717,-26.93166],[-49.10639,-26.93188],[-49.10665,-26.93241],[-49.10836,-26.93315],[-49.10936,-26.93336],[-49.10845,-26.93367],[-49.10794,-26.93369],[-49.10789,-26.93424],[-49.10739,-26.93457],[-49.1072,-26.93456],[-49.1071,-26.93434],[-49.10677,-26.93443],[-49.10654,-26.93529],[-49.10615,-26.93512],[-49.10547,-26.93437],[-49.10521,-26.93436],[-49.10487,-26.93461],[-49.10424,-26.9355],[-49.10433,-26.93591],[-49.10467,-26.93626],[-49.10417,-26.9365],[-49.10421,-26.93671],[-49.10463,-26.93716],[-49.10437,-26.93729],[-49.10412,-26.93778],[-49.10427,-26.93839],[-49.10382,-26.93806],[-49.10375,-26.93727],[-49.10343,-26.93724],[-49.1029,-26.9376],[-49.10285,-26.93677],[-49.10227,-26.93652],[-49.10218,-26.93631],[-49.10162,-26.93593],[-49.10134,-26.93539],[-49.10117,-26.93533],[-49.10072,-26.93537],[-49.10046,-26.93567],[-49.1004,-26.93635],[-49.10051,-26.93651],[-49.10031,-26.93652],[-49.10004,-26.93675],[-49.10025,-26.93729],[-49.09989,-26.93721],[-49.09953,-26.93749],[-49.0996,-26.93685],[-49.10001,-26.93608],[-49.09988,-26.9352],[-49.10011,-26.9348],[-49.09993,-26.93454],[-49.09941,-26.93433],[-49.09885,-26.93368],[-49.09842,-26.93378],[-49.09818,-26.934],[-49.09779,-26.93387],[-49.09713,-26.93394],[-49.09765,-26.93333],[-49.09843,-26.93299],[-49.09856,-26.93254],[-49.09879,-26.93236],[-49.09851,-26.93172],[-49.09907,-26.93129],[-49.09912,-26.93109],[-49.09882,-26.93062],[-49.09798,-26.93012],[-49.09803,-26.92976],[-49.09719,-26.93008],[-49.09787,-26.92943],[-49.0981,-26.92851],[-49.09804,-26.92819],[-49.09787,-26.9281],[-49.09643,-26.92825],[-49.09658,-26.92706],[-49.09675,-26.92675],[-49.09667,-26.92654],[-49.09694,-26.92636],[-49.09662,-26.92569],[-49.09627,-26.92557],[-49.09596,-26.92569],[-49.09566,-26.92678],[-49.09506,-26.92719],[-49.09512,-26.92755],[-49.09474,-26.92811],[-49.09478,-26.92842],[-49.09437,-26.92901],[-49.09409,-26.92897],[-49.09375,-26.92918],[-49.09379,-26.92887],[-49.09413,-26.92849],[-49.0941,-26.92822],[-49.09335,-26.92743],[-49.09291,-26.92727],[-49.09237,-26.92731],[-49.09171,-26.9277],[-49.09179,-26.92619],[-49.09298,-26.92623],[-49.09361,-26.92611],[-49.09364,-26.92567],[-49.09332,-26.92508],[-49.09284,-26.92492],[-49.0925,-26.9246],[-49.09198,-26.92455],[-49.09093,-26.925],[-49.09066,-26.92539],[-49.09035,-26.92538],[-49.09026,-26.92441],[-49.0908,-26.92377],[-49.09078,-26.92343],[-49.09056,-26.92325],[-49.08976,-26.92314],[-49.08948,-26.92323],[-49.08927,-26.92367],[-49.08918,-26.92298],[-49.08875,-26.92262],[-49.0883,-26.9218],[-49.08816,-26.92119],[-49.08762,-26.92119],[-49.08743,-26.92138],[-49.08748,-26.92172],[-49.08739,-26.92186],[-49.08671,-26.92216],[-49.08625,-26.92257],[-49.0857,-26.92269],[-49.08561,-26.92277],[-49.08602,-26.92315],[-49.08566,-26.92314],[-49.0853,-26.92296],[-49.08419,-26.92317],[-49.08327,-26.9221],[-49.08274,-26.92206],[-49.08205,-26.92168],[-49.08065,-26.92145],[-49.08022,-26.92104],[-49.07961,-26.92075],[-49.07898,-26.92063],[-49.07928,-26.9198],[-49.0792,-26.91956],[-49.07938,-26.91928],[-49.07976,-26.91902],[-49.08075,-26.91895],[-49.08015,-26.91864],[-49.08016,-26.91837],[-49.08055,-26.91784],[-49.08102,-26.9175],[-49.08105,-26.91719],[-49.08082,-26.9171],[-49.08037,-26.91721],[-49.07985,-26.91701],[-49.08075,-26.91525],[-49.08119,-26.91544],[-49.08278,-26.9127],[-49.08313,-26.91325],[-49.08333,-26.91331],[-49.08368,-26.91303],[-49.0841,-26.91222],[-49.08537,-26.91158],[-49.08551,-26.91178],[-49.08622,-26.91218],[-49.08705,-26.91242],[-49.08927,-26.91224],[-49.08987,-26.91258],[-49.09011,-26.91312],[-49.0909,-26.91375],[-49.0914,-26.91376],[-49.09143,-26.91357],[-49.09174,-26.91359],[-49.09292,-26.91393],[-49.09356,-26.91285],[-49.096,-26.9139],[-49.09657,-26.9146],[-49.0967,-26.91459],[-49.09719,-26.91373],[-49.10134,-26.91548],[-49.10139,-26.91541],[-49.10277,-26.91624],[-49.10302,-26.91603],[-49.10403,-26.91568],[-49.10415,-26.91528],[-49.10496,-26.91509],[-49.10551,-26.91469],[-49.10619,-26.91359],[-49.10675,-26.91366],[-49.10772,-26.91345],[-49.10815,-26.91319],[-49.10865,-26.91252],[-49.109,-26.91254],[-49.10953,-26.91298],[-49.11032,-26.91292],[-49.11124,-26.91327],[-49.11161,-26.91267],[-49.11228,-26.91249],[-49.11587,-26.91408],[-49.11635,-26.91399],[-49.11682,-26.91428],[-49.11789,-26.91436],[-49.11836,-26.91516],[-49.11975,-26.91553],[-49.12051,-26.91602]]]},"properties":{"BAIRROS":"VELHA","CD_BAIRRO":"11"}}],"metadata":{"source":"Prefeitura de Blumenau ? Limites/Bairros","sourceUrl":"https://geo.blumenau.sc.gov.br/server/rest/services/Limites/Bairros/MapServer/0","retrievedAt":"2026-07-16T23:36:14+00:00","simplification":"maxAllowableOffset 0.00008 degrees; geometryPrecision 5"}}